{
  "tt0012349": "MV5BZjhhMThhNDItNTY2MC00MmU1LTliNDEtNDdhZjdlNTY5ZDQ1XkEyXkFqcGdeQXVyNjc1NTYyMjg.jpg",
  "tt0015324": "MV5BZWFhOGU5NDctY2Q3YS00Y2VlLWI1NzEtZmIwY2ZiZjY4OTA2XkEyXkFqcGdeQXVyMDI2NDg0NQ.jpg",
  "tt0015864": "MV5BZjEyOTE4MzMtNmMzMy00Mzc3LWJlOTQtOGJiNDE0ZmJiOTU4L2ltYWdlXkEyXkFqcGdeQXVyNTAyODkwOQ.jpg",
  "tt0017136": "MV5BMTg5YWIyMWUtZDY5My00Zjc1LTljOTctYmI0MWRmY2M2NmRkXkEyXkFqcGdeQXVyMTMxODk2OTU.jpg",
  "tt0017925": "MV5BYmRiMDFlYjYtOTMwYy00OGY2LWE0Y2QtYzQxOGNhZmUwNTIxXkEyXkFqcGdeQXVyNzkwMjQ5NzM.jpg",
  "tt0019254": "MV5BNjBjNDJiYTUtOWY0OS00OGVmLTg2YzctMTE0NzVhODM1ZWJmXkEyXkFqcGdeQXVyNjU0OTQ0OTY.jpg",
  "tt0021749": "MV5BY2I4MmM1N2EtM2YzOS00OWUzLTkzYzctNDc5NDg2N2IyODJmXkEyXkFqcGdeQXVyNzkwMjQ5NzM.jpg",
  "tt0022100": "MV5BODA4ODk3OTEzMF5BMl5BanBnXkFtZTgwMTQ2ODMwMzE.jpg",
  "tt0025316": "MV5BZmViYmM5OTYtNGQ4Ny00YjQyLThiNjEtYTE4MGZhZTNmZjcyL2ltYWdlL2ltYWdlXkEyXkFqcGdeQXVyNjU0OTQ0OTY.jpg",
  "tt0027977": "MV5BYjJiZjMzYzktNjU0NS00OTkxLWEwYzItYzdhYWJjN2QzMTRlL2ltYWdlL2ltYWdlXkEyXkFqcGdeQXVyNjU0OTQ0OTY.jpg",
  "tt0031381": "MV5BYjUyZWZkM2UtMzYxYy00ZmQ3LWFmZTQtOGE2YjBkNjA3YWZlXkEyXkFqcGdeQXVyNzkwMjQ5NzM.jpg",
  "tt0031679": "MV5BZTYwYjYxYzgtMDE1Ni00NzU4LWJlMTEtODQ5YmJmMGJhZjI5L2ltYWdlXkEyXkFqcGdeQXVyMDI2NDg0NQ.jpg",
  "tt0032553": "MV5BMmExYWJjNTktNGUyZS00ODhmLTkxYzAtNWIzOGEyMGNiMmUwXkEyXkFqcGdeQXVyNjU0OTQ0OTY.jpg",
  "tt0032976": "MV5BZmEwYTRhYmMtODA0NS00NmMyLThjMTctMTVmZmNlMzg2YjEyXkEyXkFqcGdeQXVyMTMxMTY0OTQ.jpg",
  "tt0033467": "MV5BYjBiOTYxZWItMzdiZi00NjlkLWIzZTYtYmFhZjhiMTljOTdkXkEyXkFqcGdeQXVyNzkwMjQ5NzM.jpg",
  "tt0034583": "MV5BY2IzZGY2YmEtYzljNS00NTM5LTgwMzUtMzM1NjQ4NGI0OTk0XkEyXkFqcGdeQXVyNDYyMDk5MTU.jpg",
  "tt0036775": "MV5BOTdlNjgyZGUtOTczYi00MDdhLTljZmMtYTEwZmRiOWFkYjRhXkEyXkFqcGdeQXVyNDY2MTk1ODk.jpg",
  "tt0038650": "MV5BZjc4NDZhZWMtNGEzYS00ZWU2LThlM2ItNTA0YzQ0OTExMTE2XkEyXkFqcGdeQXVyNjUwMzI2NzU.jpg",
  "tt0040522": "MV5BNmI1ODdjODctMDlmMC00ZWViLWI5MzYtYzRhNDdjYmM3MzFjXkEyXkFqcGdeQXVyMTMxODk2OTU.jpg",
  "tt0040725": "MV5BOWRmNGEwZjUtZjEwNS00OGZmLThhMmEtZTJlMTU5MGQ3ZWUwXkEyXkFqcGdeQXVyNjc1NTYyMjg.jpg",
  "tt0040897": "MV5BOTJlZWMxYzEtMjlkMS00ODE0LThlM2ItMDI3NGQ2YjhmMzkxXkEyXkFqcGdeQXVyMDI2NDg0NQ.jpg",
  "tt0041959": "MV5BYjE2OTdhMWUtOGJlMy00ZDViLWIzZjgtYjZkZGZmMDZjYmEyXkEyXkFqcGdeQXVyNzkwMjQ5NzM.jpg",
  "tt0042041": "MV5BZmI5NTA3MjItYzdhMi00MWMxLTg3OWMtYWQyYjg5MTFmM2U0L2ltYWdlL2ltYWdlXkEyXkFqcGdeQXVyNjc1NTYyMjg.jpg",
  "tt0042192": "MV5BMTY2MTAzODI5NV5BMl5BanBnXkFtZTgwMjM4NzQ0MjE.jpg",
  "tt0042876": "MV5BMTk1MDU5MjQ5NF5BMl5BanBnXkFtZTgwMDM2OTE4MzE.jpg",
  "tt0044741": "MV5BZmM0NGY3Y2MtMTA1YS00YmQzLTk2YTctYWFhMDkzMDRjZWQzXkEyXkFqcGdeQXVyNTA4NzY1MzY.jpg",
  "tt0043338": "MV5BNDUzZjlhZTYtN2E5MS00ODQ3LWI1ZjgtNzdiZmI0NTZiZTljXkEyXkFqcGdeQXVyMjI4MjA5MzA.jpg",
  "tt0045152": "MV5BMWUyNjQ5MTAtNDJhYS00MWQ0LTk2ZTAtZmE4MWNlMjMwMzg3XkEyXkFqcGdeQXVyNTA4NzY1MzY.jpg",
  "tt0043014": "MV5BMTU0NTkyNzYwMF5BMl5BanBnXkFtZTgwMDU0NDk5MTI.jpg",
  "tt0046268": "MV5BZDdkNzMwZmUtY2Q5MS00ZmM2LWJhYjItYTBjMWY0MGM4MDRjXkEyXkFqcGdeQXVyNTA4NzY1MzY.jpg",
  "tt0046438": "MV5BYWQ4ZTRiODktNjAzZC00Nzg1LTk1YWQtNDFmNDI0NmZiNGIwXkEyXkFqcGdeQXVyNzkwMjQ5NzM.jpg",
  "tt0046912": "MV5BOWIwODIxYWItZDI4MS00YzhhLWE3MmYtMzlhZDIwOTMzZmE5L2ltYWdlXkEyXkFqcGdeQXVyNjc1NTYyMjg.jpg",
  "tt0047296": "MV5BY2I0MWFiZDMtNWQyYy00Njk5LTk3MDktZjZjNTNmZmVkYjkxXkEyXkFqcGdeQXVyNjc1NTYyMjg.jpg",
  "tt0047396": "MV5BNGUxYWM3M2MtMGM3Mi00ZmRiLWE0NGQtZjE5ODI2OTJhNTU0XkEyXkFqcGdeQXVyMTQxNzMzNDI.jpg",
  "tt0047478": "MV5BODdlYjU1Y2MtMWUxMy00YjJjLTgyMWItNzgzZmZkNTYxNWFkXkEyXkFqcGdeQXVyMTAwMjU1MzA2.jpg",
  "tt0050825": "MV5BNjViMmRkOTEtM2ViOS00ODg0LWJhYWEtNTBlOGQxNDczOGY3XkEyXkFqcGdeQXVyMDI2NDg0NQ.jpg",
  "tt0050976": "MV5BM2I1ZWU4YjMtYzU0My00YmMzLWFmNTAtZDJhZGYwMmI3YWQ5XkEyXkFqcGdeQXVyNjU0OTQ0OTY.jpg",
  "tt0050083": "MV5BMWU4N2FjNzYtNTVkNC00NzQ0LTg0MjAtYTJlMjFhNGUxZDFmXkEyXkFqcGdeQXVyNjc1NTYyMjg.jpg",
  "tt0050212": "MV5BMGVhNjhjODktODgxYS00MDdhLTlkZjktYTkyNzQxMTU0ZDYxXkEyXkFqcGdeQXVyNzkwMjQ5NzM.jpg",
  "tt0050986": "MV5BM2NiYjhmMzctMzliMC00NDBlLWJkYzItZjIwYjYzNDg3OGQzXkEyXkFqcGdeQXVyMzAxNjg3MjQ.jpg",
  "tt0051201": "MV5BZjEwMmE5MzYtYWExYy00ZjEzLTk4MjUtMmJmNzgxY2MxN2U1XkEyXkFqcGdeQXVyMTg2NTc4MzA.jpg",
  "tt0052357": "MV5BYTE4ODEwZDUtNDFjOC00NjAxLWEzYTQtYTI1NGVmZmFlNjdiL2ltYWdlL2ltYWdlXkEyXkFqcGdeQXVyNjc1NTYyMjg.jpg",
  "tt0052618": "MV5BNjgxY2JiZDYtZmMwOC00ZmJjLWJmODUtMTNmNWNmYWI5ODkwL2ltYWdlL2ltYWdlXkEyXkFqcGdeQXVyNjc1NTYyMjg.jpg",
  "tt0053125": "MV5BZDA3NDExMTUtMDlhOC00MmQ5LWExZGUtYmI1NGVlZWI4OWNiXkEyXkFqcGdeQXVyNjc1NTYyMjg.jpg",
  "tt0053198": "MV5BYTQ4MjA4NmYtYjRhNi00MTEwLTg0NjgtNjk3ODJlZGU4NjRkL2ltYWdlL2ltYWdlXkEyXkFqcGdeQXVyNjU0OTQ0OTY.jpg",
  "tt0053291": "MV5BNzAyOGIxYjAtMGY2NC00ZTgyLWIwMWEtYzY0OWQ4NDFjOTc5XkEyXkFqcGdeQXVyNjU0OTQ0OTY.jpg",
  "tt0053604": "MV5BNzkwODFjNzItMmMwNi00MTU5LWE2MzktM2M4ZDczZGM1MmViXkEyXkFqcGdeQXVyNDY2MTk1ODk.jpg",
  "tt0054215": "MV5BNTQwNDM1YzItNDAxZC00NWY2LTk0M2UtNDIwNWI5OGUyNWUxXkEyXkFqcGdeQXVyNzkwMjQ5NzM.jpg",
  "tt0055031": "MV5BZDZjMTIwZTQtNTM3OS00OTUyLWI5MTMtOTNjYWVkNzhjMWIxXkEyXkFqcGdeQXVyNTc1NTQxODI.jpg",
  "tt0056172": "MV5BYWY5ZjhjNGYtZmI2Ny00ODM0LWFkNzgtZmI1YzA2N2MxMzA0XkEyXkFqcGdeQXVyNjUwNzk3NDc.jpg",
  "tt0056058": "MV5BYjBmYTQ1NjItZWU5MS00YjI0LTg2OTYtYmFkN2JkMmNiNWVkXkEyXkFqcGdeQXVyMTMxMTY0OTQ.jpg",
  "tt0056592": "MV5BNmVmYzcwNzMtMWM1NS00MWIyLThlMDEtYzUwZDgzODE1NmE2XkEyXkFqcGdeQXVyNzkwMjQ5NzM.jpg",
  "tt0057012": "MV5BZWI3ZTMxNjctMjdlNS00NmUwLWFiM2YtZDUyY2I3N2MxYTE0XkEyXkFqcGdeQXVyNzkwMjQ5NzM.jpg",
  "tt0055630": "MV5BZThiZjAzZjgtNDU3MC00YThhLThjYWUtZGRkYjc2ZWZlOTVjXkEyXkFqcGdeQXVyNTA4NzY1MzY.jpg",
  "tt0057565": "MV5BZGQ1NWZlYjctNDJmOS00MmU2LTg1ODItNmZiM2ZkNzJhNDI0XkEyXkFqcGdeQXVyNjc1NTYyMjg.jpg",
  "tt0057115": "MV5BNzA2NmYxMWUtNzBlMC00MWM2LTkwNmQtYTFlZjQwODNhOWE0XkEyXkFqcGdeQXVyNTIzOTk5ODM.jpg",
  "tt0059578": "MV5BOWYxYWIwNDgtN2M1Ni00YmU1LTkyMWQtYTIzMTEzM2QxNWI2XkEyXkFqcGdeQXVyNjU0OTQ0OTY.jpg",
  "tt0060827": "MV5BYzI1ZjUwYmEtNWNmNS00NjgyLTlhNmUtNjA2YmFhYmIyMzVkXkEyXkFqcGdeQXVyMTA2ODMzMDU.jpg",
  "tt0060107": "MV5BMjhkN2Q3MzctNzJiOC00OTc5LWIwOWYtNWRiYWUyMDk0MGZiXkEyXkFqcGdeQXVyNTAyODkwOQ.jpg",
  "tt0060196": "MV5BOTQ5NDI3MTI4MF5BMl5BanBnXkFtZTgwNDQ4ODE5MDE.jpg",
  "tt0061512": "MV5BOWFlNzZhYmYtYTI5YS00MDQyLWIyNTUtNTRjMWUwNTEzNjA0XkEyXkFqcGdeQXVyNjUwNzk3NDc.jpg",
  "tt0062622": "MV5BMmNlYzRiNDctZWNhMi00MzI4LThkZTctMTUzMmZkMmFmNThmXkEyXkFqcGdeQXVyNzkwMjQ5NzM.jpg",
  "tt0064116": "MV5BZGI5MjBmYzYtMzJhZi00NGI1LTk3MzItYjBjMzcxM2U3MDdiXkEyXkFqcGdeQXVyNzkwMjQ5NzM.jpg",
  "tt0066921": "MV5BMTY3MjM1Mzc4N15BMl5BanBnXkFtZTgwODM0NzAxMDE.jpg",
  "tt0068646": "MV5BM2MyNjYxNmUtYTAwNi00MTYxLWJmNWYtYzZlODY3ZTk3OTFlXkEyXkFqcGdeQXVyNzkwMjQ5NzM.jpg",
  "tt0064115": "MV5BMTkyMTM2NDk5Nl5BMl5BanBnXkFtZTgwNzY1NzEyMDE.jpg",
  "tt0070735": "MV5BNGU3NjQ4YTMtZGJjOS00YTQ3LThmNmItMTI5MDE2ODI3NzY3XkEyXkFqcGdeQXVyMjUzOTY1NTc.jpg",
  "tt0071315": "MV5BOGMwYmY5ZmEtMzY1Yi00OWJiLTk1Y2MtMzI2MjBhYmZkNTQ0XkEyXkFqcGdeQXVyNzkwMjQ5NzM.jpg",
  "tt0071562": "MV5BMWMwMGQzZTItY2JlNC00OWZiLWIyMDctNDk2ZDQ2YjRjMWQ0XkEyXkFqcGdeQXVyNzkwMjQ5NzM.jpg",
  "tt0073486": "MV5BZjA0OWVhOTAtYWQxNi00YzNhLWI4ZjYtNjFjZTEyYjJlNDVlL2ltYWdlL2ltYWdlXkEyXkFqcGdeQXVyMTQxNzMzNDI.jpg",
  "tt0075148": "MV5BMTY5MDMzODUyOF5BMl5BanBnXkFtZTcwMTQ3NTMyNA.jpg",
  "tt0074958": "MV5BNmFiOWY3ZTktOTYwNy00ZTUzLTk0ODQtNzIxMzQ0ZDFjMTgyXkEyXkFqcGdeQXVyNTc1NTQxODI.jpg",
  "tt0071853": "MV5BN2IyNTE4YzUtZWU0Mi00MGIwLTgyMmQtMzQ4YzQxYWNlYWE2XkEyXkFqcGdeQXVyNjU0OTQ0OTY.jpg",
  "tt0075314": "MV5BM2M1MmVhNDgtNmI0YS00ZDNmLTkyNjctNTJiYTQ2N2NmYzc2XkEyXkFqcGdeQXVyNzkwMjQ5NzM.jpg",
  "tt0072684": "MV5BNmY0MWY2NDctZDdmMi00MjA1LTk0ZTQtZDMyZTQ1NTNlYzVjXkEyXkFqcGdeQXVyMjUzOTY1NTc.jpg",
  "tt0077416": "MV5BNDhmNTA0ZDMtYjhkNS00NzEzLWIzYTItOGNkMTVmYjE2YmI3XkEyXkFqcGdeQXVyNzkwMjQ5NzM.jpg",
  "tt0076759": "MV5BNzVlY2MwMjktM2E4OS00Y2Y3LWE3ZjctYzhkZGM3YzA1ZWM2XkEyXkFqcGdeQXVyNzkwMjQ5NzM.jpg",
  "tt0079470": "MV5BMzAwNjU1OTktYjY3Mi00NDY5LWFlZWUtZjhjNGE0OTkwZDkwXkEyXkFqcGdeQXVyMTQxNzMzNDI.jpg",
  "tt0078788": "MV5BMDdhODg0MjYtYzBiOS00ZmI5LWEwZGYtZDEyNDU4MmQyNzFkXkEyXkFqcGdeQXVyNzkwMjQ5NzM.jpg",
  "tt0079944": "MV5BMDgwODNmMGItMDcwYi00OWZjLTgyZjAtMGYwMmI4N2Q0NmJmXkEyXkFqcGdeQXVyNzY1MTU0Njk.jpg",
  "tt0078748": "MV5BMmQ2MmU3NzktZjAxOC00ZDZhLTk4YzEtMDMyMzcxY2IwMDAyXkEyXkFqcGdeQXVyNzkwMjQ5NzM.jpg",
  "tt0080678": "MV5BMDVjNjIwOGItNDE3Ny00OThjLWE0NzQtZTU3YjMzZTZjMzhkXkEyXkFqcGdeQXVyMTQxNzMzNDI.jpg",
  "tt0081398": "MV5BYjRmODkzNDItMTNhNi00YjJlLTg0ZjAtODlhZTM0YzgzYThlXkEyXkFqcGdeQXVyNzQ1ODk3MTQ.jpg",
  "tt0080684": "MV5BYmU1NDRjNDgtMzhiMi00NjZmLTg5NGItZDNiZjU5NTU4OTE0XkEyXkFqcGdeQXVyNzkwMjQ5NzM.jpg",
  "tt0081505": "MV5BZWFlYmY2MGEtZjVkYS00YzU4LTg0YjQtYzY1ZGE3NTA5NGQxXkEyXkFqcGdeQXVyMTQxNzMzNDI.jpg",
  "tt0082096": "MV5BNGRmOWY0MGUtNTVhMy00NzRlLTljNDAtNTBiNTRlODgxNmY2XkEyXkFqcGdeQXVyNjc1NTYyMjg.jpg",
  "tt0083658": "MV5BNzQzMzJhZTEtOWM4NS00MTdhLTg0YjgtMjM4MDRkZjUwZDBlXkEyXkFqcGdeQXVyNjU0OTQ0OTY.jpg",
  "tt0082971": "MV5BMjA0ODEzMTc1Nl5BMl5BanBnXkFtZTcwODM2MjAxNA.jpg",
  "tt0084787": "MV5BNDcyZmFjY2YtN2I1OC00MzU3LWIzZGEtZDA5N2VlNDJjYWI3L2ltYWdlXkEyXkFqcGdeQXVyNTAyODkwOQ.jpg",
  "tt0087843": "MV5BMGFkNWI4MTMtNGQ0OC00MWVmLTk3MTktOGYxN2Y2YWVkZWE2XkEyXkFqcGdeQXVyNjU0OTQ0OTY.jpg",
  "tt0086879": "MV5BNWJlNzUzNGMtYTAwMS00ZjI2LWFmNWQtODcxNWUxODA5YmU1XkEyXkFqcGdeQXVyNTIzOTk5ODM.jpg",
  "tt0086190": "MV5BOWZlMjFiYzgtMTUzNC00Y2IzLTk1NTMtZmNhMTczNTk0ODk1XkEyXkFqcGdeQXVyNTAyODkwOQ.jpg",
  "tt0088247": "MV5BYTViNzMxZjEtZGEwNy00MDNiLWIzNGQtZDY2MjQ1OWViZjFmXkEyXkFqcGdeQXVyNzkwMjQ5NzM.jpg",
  "tt0086250": "MV5BNjdjNGQ4NDEtNTEwYS00MTgxLTliYzQtYzE2ZDRiZjFhZmNlXkEyXkFqcGdeQXVyNjU0OTQ0OTY.jpg",
  "tt0089881": "MV5BZDBjZTM4ZmEtOTA5ZC00NTQzLTkyNzYtMmUxNGU2YjI5YjU5L2ltYWdlXkEyXkFqcGdeQXVyNTAyODkwOQ.jpg",
  "tt0087884": "MV5BM2RjMmU3ZWItYzBlMy00ZmJkLWE5YzgtNTVkODdhOWM3NGZhXkEyXkFqcGdeQXVyNDA5Mjg5MjA.jpg",
  "tt0090605": "MV5BZGU2OGY5ZTYtMWNhYy00NjZiLWI0NjUtZmNhY2JhNDRmODU3XkEyXkFqcGdeQXVyNzkwMjQ5NzM.jpg",
  "tt0088763": "MV5BZmU0M2Y1OGUtZjIxNi00ZjBkLTg1MjgtOWIyNThiZWIwYjRiXkEyXkFqcGdeQXVyMTQxNzMzNDI.jpg",
  "tt0087544": "MV5BODJiNmUzYmQtZTNhNS00NjY0LThmYjMtOTliOTM1NTdkYzY1XkEyXkFqcGdeQXVyNjU0OTQ0OTY.jpg",
  "tt0091251": "MV5BODM4Njg0NTAtYjI5Ny00ZjAxLTkwNmItZTMxMWU5M2U3M2RjXkEyXkFqcGdeQXVyNzkwMjQ5NzM.jpg",
  "tt0092005": "MV5BODJmY2Y2OGQtMDg2My00N2Q3LWJmZTUtYTc2ODBjZDVlNDlhXkEyXkFqcGdeQXVyMTQxNzMzNDI.jpg",
  "tt0091763": "MV5BM2Y1NTQyNWYtNDViNy00ZWRhLTk3MTMtOTI3ZGQ5MDFiNWM4XkEyXkFqcGdeQXVyNzkwMjQ5NzM.jpg",
  "tt0092067": "MV5BNTg0NmI1ZGQtZTUxNC00NTgxLThjMDUtZmRlYmEzM2MwOWYwXkEyXkFqcGdeQXVyMzM4MjM0Nzg.jpg",
  "tt0093058": "MV5BNzkxODk0NjEtYjc4Mi00ZDI0LTgyYjEtYzc1NDkxY2YzYTgyXkEyXkFqcGdeQXVyNzkwMjQ5NzM.jpg",
  "tt0095016": "MV5BZjRlNDUxZjAtOGQ4OC00OTNlLTgxNmQtYTBmMDgwZmNmNjkxXkEyXkFqcGdeQXVyNzkwMjQ5NzM.jpg",
  "tt0094625": "MV5BM2ZiZTk1ODgtMTZkNS00NTYxLWIxZTUtNWExZGYwZTRjODViXkEyXkFqcGdeQXVyMTE2MzA3MDM.jpg",
  "tt0093779": "MV5BMGM4M2Q5N2MtNThkZS00NTc1LTk1NTItNWEyZjJjNDRmNDk5XkEyXkFqcGdeQXVyMjA0MDQ0Mjc.jpg",
  "tt0095327": "MV5BZmY2NjUzNDQtNTgxNC00M2Q4LTljOWQtMjNjNDBjNWUxNmJlXkEyXkFqcGdeQXVyNTA4NzY1MzY.jpg",
  "tt0095765": "MV5BM2FhYjEyYmYtMDI1Yy00YTdlLWI2NWQtYmEzNzAxOGY1NjY2XkEyXkFqcGdeQXVyNTA3NTIyNDg.jpg",
  "tt0096283": "MV5BNTdiOTQ0YmUtOGE3YS00NDg5LWI3YTEtNDAxZmE0MzRmZWM5L2ltYWdlXkEyXkFqcGdeQXVyNTAyODkwOQ.jpg",
  "tt0097576": "MV5BMjNkMzc2N2QtNjVlNS00ZTk5LTg0MTgtODY2MDAwNTMwZjBjXkEyXkFqcGdeQXVyNDk3NzU2MTQ.jpg",
  "tt0097165": "MV5BOGYwYWNjMzgtNGU4ZC00NWQ2LWEwZjUtMzE1Zjc3NjY3YTU1XkEyXkFqcGdeQXVyMTQxNzMzNDI.jpg",
  "tt0103064": "MV5BMGU2NzRmZjUtOGUxYS00ZjdjLWEwZWItY2NlM2JhNjkxNTFmXkEyXkFqcGdeQXVyNjU0OTQ0OTY.jpg",
  "tt0099685": "MV5BY2NkZjEzMDgtN2RjYy00YzM1LWI4ZmQtMjIwYjFjNmI3ZGEwXkEyXkFqcGdeQXVyNzkwMjQ5NzM.jpg",
  "tt0102926": "MV5BNjNhZTk0ZmEtNjJhMi00YzFlLWE1MmEtYzM1M2ZmMGMwMTU4XkEyXkFqcGdeQXVyNjU0OTQ0OTY.jpg",
  "tt0103639": "MV5BY2Q2NDI1MjUtM2Q5ZS00MTFlLWJiYWEtNTZmNjQ3OGJkZDgxXkEyXkFqcGdeQXVyNTI4MjkwNjA.jpg",
  "tt0105236": "MV5BZmExNmEwYWItYmQzOS00YjA5LTk2MjktZjEyZDE1Y2QxNjA1XkEyXkFqcGdeQXVyMTQxNzMzNDI.jpg",
  "tt0105695": "MV5BODM3YWY4NmQtN2Y3Ni00OTg0LWFhZGQtZWE3ZWY4MTJlOWU4XkEyXkFqcGdeQXVyNjU0OTQ0OTY.jpg",
  "tt0107207": "MV5BMmYyOTgwYWItYmU3Ny00M2E2LTk0NWMtMDVlNmQ0MWZiMTMxXkEyXkFqcGdeQXVyNzkwMjQ5NzM.jpg",
  "tt0107290": "MV5BMjM2MDgxMDg0Nl5BMl5BanBnXkFtZTgwNTM2OTM5NDE.jpg",
  "tt0109830": "MV5BNWIwODRlZTUtY2U3ZS00Yzg1LWJhNzYtMmZiYmEyNmU1NjMzXkEyXkFqcGdeQXVyMTQxNzMzNDI.jpg",
  "tt0110413": "MV5BZDAwYTlhMDEtNTg0OS00NDY2LWJjOWItNWY3YTZkM2UxYzUzXkEyXkFqcGdeQXVyNTA4NzY1MzY.jpg",
  "tt0108052": "MV5BNDE4OTMxMTctNmRhYy00NWE2LTg3YzItYTk3M2UwOTU5Njg4XkEyXkFqcGdeQXVyNjU0OTQ0OTY.jpg",
  "tt0110357": "MV5BYTYxNGMyZTYtMjE3MS00MzNjLWFjNmYtMDk3N2FmM2JiM2M1XkEyXkFqcGdeQXVyNjY5NDU4NzI.jpg",
  "tt0110912": "MV5BNGNhMDIzZTUtNTBlZi00MTRlLWFjM2ItYzViMjE3YzI5MjljXkEyXkFqcGdeQXVyNzkwMjQ5NzM.jpg",
  "tt0112471": "MV5BZDdiZTAwYzAtMDI3Ni00OTRjLTkzN2UtMGE3MDMyZmU4NTU4XkEyXkFqcGdeQXVyNjU0OTQ0OTY.jpg",
  "tt0111161": "MV5BMDFkYTc0MGEtZmNhMC00ZDIzLWFmNTEtODM1ZmRlYWMwMWFmXkEyXkFqcGdeQXVyMTMxODk2OTU.jpg",
  "tt0114369": "MV5BOTUwODM5MTctZjczMi00OTk4LTg3NWUtNmVhMTAzNTNjYjcyXkEyXkFqcGdeQXVyNjU0OTQ0OTY.jpg",
  "tt0113277": "MV5BNDc0YTQ5NGEtM2NkYS00MWRhLThiNzAtNmY3NWU3YzNkMjIyXkEyXkFqcGdeQXVyNzkwMjQ5NzM.jpg",
  "tt0113247": "MV5BNDNiOTA5YjktY2Q0Ni00ODgzLWE5MWItNGExOWRlYjY2MjBlXkEyXkFqcGdeQXVyNjQ2MjQ5NzM.jpg",
  "tt0112641": "MV5BMTcxOWYzNDYtYmM4YS00N2NkLTk0NTAtNjg1ODgwZjAxYzI3XkEyXkFqcGdeQXVyNTA4NzY1MzY.jpg",
  "tt0114709": "MV5BMDU2ZWJlMjktMTRhMy00ZTA5LWEzNDgtYmNmZTEwZTViZWJkXkEyXkFqcGdeQXVyNDQ2OTk4MzI.jpg",
  "tt0112573": "MV5BMzkzMmU0YTYtOWM3My00YzBmLWI0YzctOGYyNTkwMWE5MTJkXkEyXkFqcGdeQXVyNzkwMjQ5NzM.jpg",
  "tt0114814": "MV5BYTViNjMyNmUtNDFkNC00ZDRlLThmMDUtZDU2YWE4NGI2ZjVmXkEyXkFqcGdeQXVyNjU0OTQ0OTY.jpg",
  "tt0116231": "MV5BOGQ4ZjFmYjktOGNkNS00OWYyLWIyZjgtMGJjM2U1ZTA0ZTlhXkEyXkFqcGdeQXVyNTA4NzY1MzY.jpg",
  "tt0116282": "MV5BNDJiZDgyZjctYmRjMS00ZjdkLTkwMTEtNGU1NDg3NDQ0Yzk1XkEyXkFqcGdeQXVyNzkwMjQ5NzM.jpg",
  "tt0118849": "MV5BZTYwZWQ4ZTQtZWU0MS00N2YwLWEzMDItZWFkZWY0MWVjODVhXkEyXkFqcGdeQXVyNjU0OTQ0OTY.jpg",
  "tt0118715": "MV5BMTQ0NjUzMDMyOF5BMl5BanBnXkFtZTgwODA1OTU0MDE.jpg",
  "tt0119217": "MV5BOTI0MzcxMTYtZDVkMy00NjY1LTgyMTYtZmUxN2M3NmQ2NWJhXkEyXkFqcGdeQXVyMTQxNzMzNDI.jpg",
  "tt0117951": "MV5BMzA5Zjc3ZTMtMmU5YS00YTMwLWI4MWUtYTU0YTVmNjVmODZhXkEyXkFqcGdeQXVyNjU0OTQ0OTY.jpg",
  "tt0118694": "MV5BYTJlMmIwYjAtYWJmYy00YzE2LWE1OTYtZjIyMzg0YWUwOTg4XkEyXkFqcGdeQXVyMTA1NTM1NDI2.jpg",
  "tt0119698": "MV5BMTVlNWM4NTAtNDQxYi00YWU5LWIwM2MtZmVjYWFmODZiODE5XkEyXkFqcGdeQXVyNjU0OTQ0OTY.jpg",
  "tt0118799": "MV5BYmJmM2Q4NmMtYThmNC00ZjRlLWEyZmItZTIwOTBlZDQ3NTQ1XkEyXkFqcGdeQXVyMTQxNzMzNDI.jpg",
  "tt0120586": "MV5BZjA0MTM4MTQtNzY5MC00NzY3LWI1ZTgtYzcxMjkyMzU4MDZiXkEyXkFqcGdeQXVyNDYyMDk5MTU.jpg",
  "tt0120382": "MV5BMDIzODcyY2EtMmY2MC00ZWVlLTgwMzAtMjQwOWUyNmJjNTYyXkEyXkFqcGdeQXVyNDk3NzU2MTQ.jpg",
  "tt0120689": "MV5BMTUxMzQyNjA5MF5BMl5BanBnXkFtZTYwOTU2NTY3.jpg",
  "tt0119488": "MV5BMDQ2YzEyZGItYWRhOS00MjBmLTkzMDUtMTdjYzkyMmQxZTJlXkEyXkFqcGdeQXVyNjU0OTQ0OTY.jpg",
  "tt0120735": "MV5BMTAyN2JmZmEtNjAyMy00NzYwLThmY2MtYWQ3OGNhNjExMmM4XkEyXkFqcGdeQXVyNDk3NzU2MTQ.jpg",
  "tt0120737": "MV5BN2EyZjM3NzUtNWUzMi00MTgxLWI0NTctMzY4M2VlOTdjZWRiXkEyXkFqcGdeQXVyNDUzOTQ5MjY.jpg",
  "tt0120815": "MV5BZjhkMDM4MWItZTVjOC00ZDRhLThmYTAtM2I5NzBmNmNlMzI1XkEyXkFqcGdeQXVyNDYyMDk5MTU.jpg",
  "tt0137523": "MV5BMmEzNTkxYjQtZTc0MC00YTVjLTg5ZTEtZWMwOWVlYzY0NWIwXkEyXkFqcGdeQXVyNzkwMjQ5NzM.jpg",
  "tt0167261": "MV5BNGE5MzIyNTAtNWFlMC00NDA2LWJiMjItMjc4Yjg1OWM5NzhhXkEyXkFqcGdeQXVyNzkwMjQ5NzM.jpg",
  "tt0169858": "MV5BZjJhMThkNTQtNjkxNy00MDdjLTg4MWQtMTI2MmQ3MDVmODUzXkEyXkFqcGdeQXVyMTAwOTA3NzY3.jpg",
  "tt0169547": "MV5BNTBmZWJkNjctNDhiNC00MGE2LWEwOTctZTk5OGVhMWMyNmVhXkEyXkFqcGdeQXVyMTMxODk2OTU.jpg",
  "tt0169102": "MV5BNDYxNWUzZmYtOGQxMC00MTdkLTkxOTctYzkyOGIwNWQxZjhmXkEyXkFqcGdeQXVyNjU0OTQ0OTY.jpg",
  "tt0198781": "MV5BMTY1NTI0ODUyOF5BMl5BanBnXkFtZTgwNTEyNjQ0MDE.jpg",
  "tt0245429": "MV5BNmU5OTQ0OWQtOTY0OS00Yjg4LWE1NDYtNDRhYWMxYWY4OTMwXkEyXkFqcGdeQXVyNjU0OTQ0OTY.jpg",
  "tt0264464": "MV5BMTY5MzYzNjc5NV5BMl5BanBnXkFtZTYwNTUyNTc2.jpg",
  "tt0208092": "MV5BMTA2NDYxOGYtYjU1Mi00Y2QzLTgxMTQtMWI1MGI0ZGQ5MmU4XkEyXkFqcGdeQXVyNDk3NzU2MTQ.jpg",
  "tt0266543": "MV5BZTAzNWZlNmUtZDEzYi00ZjA5LWIwYjEtZGM1NWE1MjE4YWRhXkEyXkFqcGdeQXVyNjU0OTQ0OTY.jpg",
  "tt0266697": "MV5BNzM3NDFhYTAtYmU5Mi00NGRmLTljYjgtMDkyODQ4MjNkMGY2XkEyXkFqcGdeQXVyNzkwMjQ5NzM.jpg",
  "tt0211915": "MV5BNDg4NjM1YjMtYmNhZC00MjM0LWFiZmYtNGY1YjA3MzZmODc5XkEyXkFqcGdeQXVyNDk3NzU2MTQ.jpg",
  "tt0268978": "MV5BMzcwYWFkYzktZjAzNC00OGY1LWI4YTgtNzc5MzVjMDVmNjY0XkEyXkFqcGdeQXVyMTQxNzMzNDI.jpg",
  "tt0209144": "MV5BZTcyNjk1MjgtOWI3Mi00YzQwLWI5MTktMzY4ZmI2NDAyNzYzXkEyXkFqcGdeQXVyNjU0OTQ0OTY.jpg",
  "tt0133093": "MV5BNzQzOTk3OTAtNDQ0Zi00ZTVkLWI0MTEtMDllZjNkYzNjNTc4L2ltYWdlXkEyXkFqcGdeQXVyNjU0OTQ0OTY.jpg",
  "tt0180093": "MV5BOTdiNzJlOWUtNWMwNS00NmFlLWI0YTEtZmI3YjIzZWUyY2Y3XkEyXkFqcGdeQXVyNjU0OTQ0OTY.jpg",
  "tt0253474": "MV5BOWRiZDIxZjktMTA1NC00MDQ2LWEzMjUtMTliZmY3NjQ3ODJiXkEyXkFqcGdeQXVyNjU0OTQ0OTY.jpg",
  "tt0245712": "MV5BMWJhOTg5MWQtYTJjMi00YmFkLTg4ODgtYmU2YWVhODQ4ZDM3XkEyXkFqcGdeQXVyMTAwMzUyOTc.jpg",
  "tt0172495": "MV5BMDliMmNhNDEtODUyOS00MjNlLTgxODEtN2U3NzIxMGVkZTA1L2ltYWdlXkEyXkFqcGdeQXVyNjU0OTQ0OTY.jpg",
  "tt0167404": "MV5BMWM4NTFhYjctNzUyNi00NGMwLTk3NTYtMDIyNTZmMzRlYmQyXkEyXkFqcGdeQXVyMTAwMzUyOTc.jpg",
  "tt0317248": "MV5BNDJiNTEwMjMtOGQ1ZC00OTczLWFjZjctZWQ0MGJjZmFkMjcwXkEyXkFqcGdeQXVyNjU0OTQ0OTY.jpg",
  "tt0361748": "MV5BOTJiNDEzOWYtMTVjOC00ZjlmLWE0NGMtZmE1OWVmZDQ2OWJhXkEyXkFqcGdeQXVyNTIzOTk5ODM.jpg",
  "tt0338013": "MV5BMTY4NzcwODg3Nl5BMl5BanBnXkFtZTcwNTEwOTMyMw.jpg",
  "tt0347149": "MV5BZTRhY2QwM2UtNWRlNy00ZWQwLTg3MjktZThmNjQ3NTdjN2IxXkEyXkFqcGdeQXVyMzg2MzE2OTE.jpg",
  "tt0363163": "MV5BZDA2ZjUxZGUtOWU4My00NGU4LTliMGItNWNjMWU1MTM3Nzc3XkEyXkFqcGdeQXVyMzA3Njg4MzY.jpg",
  "tt0364569": "MV5BZWFlZWI3MWQtODgzOS00MjVmLTg2ODMtOWE3NWFjOWZkMTY4XkEyXkFqcGdeQXVyMjQ1NjEyNzE.jpg",
  "tt0167260": "MV5BNzA5ZDNlZWMtM2NhNS00NDJjLTk4NDItYTRmY2EwMWZlMTY3XkEyXkFqcGdeQXVyNzkwMjQ5NzM.jpg",
  "tt0372784": "MV5BZmUwNGU2ZmItMmRiNC00MjhlLTg5YWUtODMyNzkxODYzMmZlXkEyXkFqcGdeQXVyNTIzOTk5ODM.jpg",
  "tt0353969": "MV5BMzhlNGJhYzUtZTNiMi00MjI0LWFjN2MtOTVlN2IxODVkZWVkXkEyXkFqcGdeQXVyMTMxODk2OTU.jpg",
  "tt0405159": "MV5BMTkxNzA1NDQxOV5BMl5BanBnXkFtZTcwNTkyMTIzMw.jpg",
  "tt0405508": "MV5BYThmZDA0YmQtMWJhNy00MDQwLTk0Y2YtMDhmZTE5ZjhlNjliXkEyXkFqcGdeQXVyODE5NzE3OTE.jpg",
  "tt0381681": "MV5BMTQ1MjAwNTM5Ml5BMl5BanBnXkFtZTYwNDM0MTc3.jpg",
  "tt0405094": "MV5BOThkM2EzYmMtNDE3NS00NjlhLTg4YzktYTdhNzgyOWY3ZDYzXkEyXkFqcGdeQXVyNzQzNzQxNzI.jpg",
  "tt0395169": "MV5BZGJjYmIzZmQtNWE4Yy00ZGVmLWJkZGEtMzUzNmQ4ZWFlMjRhXkEyXkFqcGdeQXVyMTMxODk2OTU.jpg",
  "tt0468569": "MV5BMTMxNTMwODM0NF5BMl5BanBnXkFtZTcwODAyMTk2Mw.jpg",
  "tt0407887": "MV5BMTI1MTY2OTIxNV5BMl5BanBnXkFtZTYwNjQ4NjY3.jpg",
  "tt0476735": "MV5BNjAzMzEwYzctNjc1MC00Nzg5LWFmMGItMTgzYmMyNTY2OTQ4XkEyXkFqcGdeQXVyNjU0OTQ0OTY.jpg",
  "tt0434409": "MV5BOTI5ODc3NzExNV5BMl5BanBnXkFtZTcwNzYxNzQzMw.jpg",
  "tt0435761": "MV5BMTgxOTY4Mjc0MF5BMl5BanBnXkFtZTcwNTA4MDQyMw.jpg",
  "tt0477348": "MV5BMjA5Njk3MjM4OV5BMl5BanBnXkFtZTcwMTc5MTE1MQ.jpg",
  "tt1028532": "MV5BNzE4NDg5OWMtMzg3NC00ZDRjLTllMDMtZTRjNWZmNjBmMGZlXkEyXkFqcGdeQXVyMTMxODk2OTU.jpg",
  "tt0469494": "MV5BMjAxODQ4MDU5NV5BMl5BanBnXkFtZTcwMDU4MjU1MQ.jpg",
  "tt0986264": "MV5BNTVmYTk2NjAtYzY3MS00YjFjLTlkYzktYzg3YzMyZDQyOWRiXkEyXkFqcGdeQXVyNjQ2MjQ5NzM.jpg",
  "tt0892769": "MV5BMjA5NDQyMjc2NF5BMl5BanBnXkFtZTcwMjg5ODcyMw.jpg",
  "tt0993846": "MV5BMjIxMjgxNTk0MF5BMl5BanBnXkFtZTgwNjIyOTg2MDE.jpg",
  "tt0482571": "MV5BMjA4NDI0MTIxNF5BMl5BanBnXkFtZTYwNTM0MzY2.jpg",
  "tt1187043": "MV5BNTkyOGVjMGEtNmQzZi00NzFlLTlhOWQtODYyMDc2ZGJmYzFhXkEyXkFqcGdeQXVyNjU0OTQ0OTY.jpg",
  "tt1049413": "MV5BMTk3NDE2NzI4NF5BMl5BanBnXkFtZTgwNzE1MzEyMTE.jpg",
  "tt1201607": "MV5BMjIyZGU4YzUtNDkzYi00ZDRhLTljYzctYTMxMDQ4M2E0Y2YxXkEyXkFqcGdeQXVyNTIzOTk5ODM.jpg",
  "tt0910970": "MV5BMjExMTg5OTU0NF5BMl5BanBnXkFtZTcwMjMxMzMzMw.jpg",
  "tt1291584": "MV5BMTk4ODk5MTMyNV5BMl5BanBnXkFtZTcwMDMyNTg0Ng.jpg",
  "tt1205489": "MV5BMTc5NTk2OTU1Nl5BMl5BanBnXkFtZTcwMDc3NjAwMg.jpg",
  "tt1130884": "MV5BYzhiNDkyNzktNTZmYS00ZTBkLTk2MDAtM2U0YjU1MzgxZjgzXkEyXkFqcGdeQXVyMTMxODk2OTU.jpg",
  "tt0816692": "MV5BZjdkOTU3MDktN2IxOS00OGEyLWFmMjktY2FiMmZkNWIyODZiXkEyXkFqcGdeQXVyMTMxODk2OTU.jpg",
  "tt0978762": "MV5BMDgzYjQwMDMtNGUzYi00MTRmLWIyMGMtNjE1OGZkNzY2YWIzL2ltYWdlXkEyXkFqcGdeQXVyNjU0OTQ0OTY.jpg",
  "tt0758758": "MV5BMTAwNDEyODU1MjheQTJeQWpwZ15BbWU2MDc3NDQwNw.jpg",
  "tt1345836": "MV5BMTk4ODQzNDY3Ml5BMl5BanBnXkFtZTcwODA0NTM4Nw.jpg",
  "tt0457430": "MV5BMDBjOWYyMDQtOWRmOC00MDgxLWIxM2UtMTNjYzFiN2RkYTBlXkEyXkFqcGdeQXVyMTAyOTE2ODg0.jpg",
  "tt1255953": "MV5BYWRlNzRjMTktNjQ1Ni00NzYyLTkwMzktMjJjMjg5NTQ5OGZjXkEyXkFqcGdeQXVyNjU0OTQ0OTY.jpg",
  "tt1375666": "MV5BMjAxMzY3NjcxNF5BMl5BanBnXkFtZTcwNTI5OTM0Mw.jpg",
  "tt1305806": "MV5BMGI4ZDU0MWUtMmMwNS00ODBhLTllODEtZWE2NjMwNTM3MmVjXkEyXkFqcGdeQXVyNDE5MTU2MDE.jpg",
  "tt1853728": "MV5BMjIyNTQ5NjQ1OV5BMl5BanBnXkFtZTcwODg1MDU4OA.jpg",
  "tt1832382": "MV5BNmMwZTY2YmMtOTk2Mi00NzMyLThkYmEtNDFiM2E1NTljNzUxXkEyXkFqcGdeQXVyNjkxOTM4ODY.jpg",
  "tt1392190": "MV5BN2EwM2I5OWMtMGQyMi00Zjg1LWJkNTctZTdjYTA4OGUwZjMyXkEyXkFqcGdeQXVyMTMxODk2OTU.jpg",
  "tt1392214": "MV5BMTg0NTIzMjQ1NV5BMl5BanBnXkFtZTcwNDc3MzM5OQ.jpg",
  "tt1950186": "MV5BYzcyZDNlNDktOWRhYy00ODQ5LTg1ODQtZmFmZTIyMjg2Yjk5XkEyXkFqcGdeQXVyMTkxNjUyNQ.jpg",
  "tt1454029": "MV5BMTM5OTMyMjIxOV5BMl5BanBnXkFtZTcwNzU4MjIwNQ.jpg",
  "tt1675434": "MV5BMTYxNDA3MDQwNl5BMl5BanBnXkFtZTcwNTU4Mzc1Nw.jpg",
  "tt1895587": "MV5BMjIyOTM5OTIzNV5BMl5BanBnXkFtZTgwMDkzODE2NjE.jpg",
  "tt1979320": "MV5BOWEwODJmZDItYTNmZC00OGM4LThlNDktOTQzZjIzMGQxODA4XkEyXkFqcGdeQXVyNjU0OTQ0OTY.jpg",
  "tt1954470": "MV5BMTc5NjY4MjUwNF5BMl5BanBnXkFtZTgwODM3NzM5MzE.jpg",
  "tt2024544": "MV5BMjExMTEzODkyN15BMl5BanBnXkFtZTcwNTU4NTc4OQ.jpg",
  "tt2119532": "MV5BMjQ1NjM3MTUxNV5BMl5BanBnXkFtZTgwMDc5MTY5OTE.jpg",
  "tt2380307": "MV5BYjQ5NjM0Y2YtNjZkNC00ZDhkLWJjMWItN2QyNzFkMDE3ZjAxXkEyXkFqcGdeQXVyODIxMzk5NjA.jpg",
  "tt2338151": "MV5BMTYzOTE2NjkxN15BMl5BanBnXkFtZTgwMDgzMTg0MzE.jpg",
  "tt2106476": "MV5BNDM2MzMwMzcxNF5BMl5BanBnXkFtZTcwNTczMDk3OA.jpg",
  "tt2096673": "MV5BOTgxMDQwMDk0OF5BMl5BanBnXkFtZTgwNjU5OTg2NDE.jpg",
  "tt2267998": "MV5BMTk0MDQ3MzAzOV5BMl5BanBnXkFtZTgwNzU1NzE3MjE.jpg",
  "tt3315342": "MV5BYzc5MTU4N2EtYTkyMi00NjdhLTg3NWEtMTY4OTEyMzJhZTAzXkEyXkFqcGdeQXVyNjc1NTYyMjg.jpg",
  "tt2582802": "MV5BOTA5NDZlZGUtMjAxOS00YTRkLTkwYmMtYWQ0NWEwZDZiNjEzXkEyXkFqcGdeQXVyMTMxODk2OTU.jpg",
  "tt3011894": "MV5BNGQzY2Y0MTgtMDA4OC00NjM3LWI0ZGQtNTJlM2UxZDQxZjI0XkEyXkFqcGdeQXVyNDUzOTQ5MjY.jpg",
  "tt4154756": "MV5BMjMxNjY2MDU1OV5BMl5BanBnXkFtZTgwNzY1MTUwNTM.jpg",
  "tt4633694": "MV5BMjMwNDkxMTgzOF5BMl5BanBnXkFtZTgwNTkwNTQ3NjM.jpg",
  "tt2278388": "MV5BMzM5NjUxOTEyMl5BMl5BanBnXkFtZTgwNjEyMDM0MDE.jpg",
  "tt3281548": "MV5BY2QzYTQyYzItMzAwYi00YjZlLThjNTUtNzMyMDdkYzJiNWM4XkEyXkFqcGdeQXVyMTkxNjUyNQ.jpg",
  "tt4154796": "MV5BMTc5MDE2ODcwNV5BMl5BanBnXkFtZTgwMzI2NzQ2NzM.jpg",
  "tt3170832": "MV5BMjE4NzgzNzEwMl5BMl5BanBnXkFtZTgwMTMzMDE0NjE.jpg",
  "tt4857264": "MV5BMDk0YzAwYjktMWFiZi00Y2FmLWJmMmMtMzUyZDZmMmU5MjkzXkEyXkFqcGdeQXVyMTMxODk2OTU.jpg",
  "tt5074352": "MV5BMTQ4MzQzMzM2Nl5BMl5BanBnXkFtZTgwMTQ1NzU3MDI.jpg",
  "tt5027774": "MV5BMjI0ODcxNzM1N15BMl5BanBnXkFtZTgwMzIwMTEwNDI.jpg",
  "tt4016934": "MV5BNDJhYTk2MTctZmVmOS00OTViLTgxNjQtMzQxOTRiMDdmNGRjXkEyXkFqcGdeQXVyMTMxODk2OTU.jpg",
  "tt6751668": "MV5BYWZjMjk3ZTItODQ2ZC00NTY5LWE0ZDYtZTI3MjcwN2Q5NTVkXkEyXkFqcGdeQXVyODk4OTc3MTY.jpg",
  "tt7286456": "MV5BNGVjNWI4ZGUtNzE0MS00YTJmLWE0ZDctN2ZiYTk2YmI3NTYyXkEyXkFqcGdeQXVyMTkxNjUyNQ.jpg",
  "tt7653254": "MV5BZGVmY2RjNDgtMTc3Yy00YmY0LTgwODItYzBjNWJhNTRlYjdkXkEyXkFqcGdeQXVyMjM4NTM5NDY.jpg",
  "tt6966692": "MV5BYzIzYmJlYTYtNGNiYy00N2EwLTk4ZjItMGYyZTJiOTVkM2RlXkEyXkFqcGdeQXVyODY1NDk1NjE.jpg",
  "tt8108198": "MV5BZWZhMjhhZmYtOTIzOC00MGYzLWI1OGYtM2ZkN2IxNTI4ZWI3XkEyXkFqcGdeQXVyNDAzNDk0MTQ.jpg",
  "tt5311514": "MV5BODRmZDVmNzUtZDA4ZC00NjhkLWI2M2UtN2M0ZDIzNDcxYThjL2ltYWdlXkEyXkFqcGdeQXVyNTk0MzMzODA.jpg",
  "tt8267604": "MV5BMmExNzU2ZWMtYzUwYi00YmM2LTkxZTQtNmVhNjY0NTMyMWI2XkEyXkFqcGdeQXVyMTMxODk2OTU.jpg",
  "tt8579674": "MV5BOTdmNTFjNDEtNzg0My00ZjkxLTg1ZDAtZTdkMDc2ZmFiNWQ1XkEyXkFqcGdeQXVyNTAzNzgwNTg.jpg",
  "tt4729430": "MV5BMWYwOThjM2ItZGYxNy00NTQwLWFlZWEtM2MzM2Q5MmY3NDU5XkEyXkFqcGdeQXVyMTkxNjUyNQ.jpg",
  "tt0420293": "MV5BMTUyNDIyMTA4NV5BMl5BanBnXkFtZTgwODM2MDMxNjE.jpg",
  "tt0437086": "MV5BNzVhMjcxYjYtOTVhOS00MzQ1LWFiNTAtZmY2ZmJjNjIxMjllXkEyXkFqcGdeQXVyNTc5OTMwOTQ.jpg",
  "tt0448115": "MV5BYTE0Yjc1NzUtMjFjMC00Y2I3LTg3NGYtNGRlMGJhYThjMTJmXkEyXkFqcGdeQXVyNTI4MzE4MDU.jpg",
  "tt0451279": "MV5BNDFmZjgyMTEtYTk5MC00NmY0LWJhZjktOWY2MzI5YjkzODNlXkEyXkFqcGdeQXVyMDA4NzMyOA.jpg",
  "tt0470752": "MV5BMTUxNzc0OTIxMV5BMl5BanBnXkFtZTgwNDI3NzU2NDE.jpg",
  "tt0475290": "MV5BOTI1M2FlMzItY2VjYS00Y2VkLWI5OTQtMzA0MWMyNmQzZmQ0XkEyXkFqcGdeQXVyMTMxODk2OTU.jpg",
  "tt0490215": "MV5BMjY3OTk0NjA2NV5BMl5BanBnXkFtZTgwNTg3Mjc2MDI.jpg",
  "tt0491203": "MV5BZDY3MTAyNmEtZDY1Yi00NGY5LTg1ZDctNDQ2N2FlMmRlYWU0XkEyXkFqcGdeQXVyNTQzOTc3MTI.jpg",
  "tt0790770": "MV5BYTU5NDRjNmItZGZlMi00ZjJiLTk5YzAtZmY1ZDc4ZGZhMjFhXkEyXkFqcGdeQXVyNTM0OTY0NTI.jpg",
  "tt0800325": "MV5BODhiMzkwYTctYzgwOC00MDM2LWExYjQtMzY4MDljZjQ3M2RmXkEyXkFqcGdeQXVyNDg4NjY5OTQ.jpg",
  "tt0859635": "MV5BZmFhMjM2NmQtYWM3Yi00YmJhLWIxOTgtYWY3ZjNlYzMwOWJmXkEyXkFqcGdeQXVyMjM4NTM5NDY.jpg",
  "tt1034385": "MV5BZGM4ODUwNTYtNWQ0OC00ZGRiLWFkODQtZTM2MTgyN2Y5Mjk4XkEyXkFqcGdeQXVyMjE4NzUxNDA.jpg",
  "tt1034415": "MV5BMjQ2MTIyNjM2MF5BMl5BanBnXkFtZTgwMDE3NDMyNjM.jpg",
  "tt1083452": "MV5BMTUxOTc5MTU1NF5BMl5BanBnXkFtZTgwODYyNTA1NzE.jpg",
  "tt10875696": "MV5BODQ4NGIwZWYtMWNhOC00MzFjLTk5ZDYtOGM1MzM3NjVlZGUxXkEyXkFqcGdeQXVyNDg4MjkzNDk.jpg",
  "tt1137450": "MV5BMTkzNjU3MjE0MF5BMl5BanBnXkFtZTgwNTIyNDk0NDM.jpg",
  "tt1172049": "MV5BMTg4Nzg1MTYxMl5BMl5BanBnXkFtZTgwMjUxNDMyODE.jpg",
  "tt1179933": "MV5BMjEzMjczOTIxMV5BMl5BanBnXkFtZTgwOTUwMjI3NzE.jpg",
  "tt1190634": "MV5BMjdjOTliZTQtM2FhNS00Mjk3LWJiOTgtMWJlMTg4MDgyNzc1XkEyXkFqcGdeQXVyODk4OTc3MTY.jpg",
  "tt1211837": "MV5BNjgwNzAzNjk1Nl5BMl5BanBnXkFtZTgwMzQ2NjI1OTE.jpg",
  "tt1212428": "MV5BNjAyN2QxOTItOGQ0YS00NmQxLWIxMjEtMDdkZmY0NDU5OWUzXkEyXkFqcGdeQXVyMTk1MDM0OTc.jpg",
  "tt1213641": "MV5BMDBhOTMxN2UtYjllYS00NWNiLWE1MzAtZjg3NmExODliMDQ0XkEyXkFqcGdeQXVyMjMxOTE0ODA.jpg",
  "tt1259528": "MV5BMzYyODcwMDAyM15BMl5BanBnXkFtZTgwOTA4MjIwNDI.jpg",
  "tt1270797": "MV5BNzAwNzUzNjY4MV5BMl5BanBnXkFtZTgwMTQ5MzM0NjM.jpg",
  "tt1302006": "MV5BMGUyM2ZiZmUtMWY0OC00NTQ4LThkOGUtNjY2NjkzMDJiMWMwXkEyXkFqcGdeQXVyMzY0MTE3NzU.jpg",
  "tt1308728": "MV5BOTRjMTczMGItMmYxMi00ZThlLTg2ZjAtODgyZTNkN2VmMDlhXkEyXkFqcGdeQXVyNzQwNjY4NTg.jpg",
  "tt1355683": "MV5BNzg0ODI3NDQxNF5BMl5BanBnXkFtZTgwMzgzNDA0NjE.jpg",
  "tt1365050": "MV5BMTYwMzMzMDI0NF5BMl5BanBnXkFtZTgwNDQ3NjI3NjE.jpg",
  "tt1365519": "MV5BOTY4NDcyZGQtYmVlNy00ODgwLTljYTMtYzQ2OTE3NDhjODMwXkEyXkFqcGdeQXVyNzYzODM3Mzg.jpg",
  "tt1386697": "MV5BMjM1OTMxNzUyM15BMl5BanBnXkFtZTgwNjYzMTIzOTE.jpg",
  "tt1389072": "MV5BNDYxNDQ5OTYxOV5BMl5BanBnXkFtZTgwOTcyODkxNDM.jpg",
  "tt1398426": "MV5BMTA5MzkyMzIxNjJeQTJeQWpwZ15BbWU4MDU0MDk0OTUx.jpg",
  "tt1413492": "MV5BNTEzMjk3NzkxMV5BMl5BanBnXkFtZTgwNjY2NDczNDM.jpg",
  "tt1431045": "MV5BYzE5MjY1ZDgtMTkyNC00MTMyLThhMjAtZGI5OTE1NzFlZGJjXkEyXkFqcGdeQXVyNjU0OTQ0OTY.jpg",
  "tt1464763": "MV5BMjAwNTE3MjQ2M15BMl5BanBnXkFtZTgwNjgzNjk2NDM.jpg",
  "tt1477834": "MV5BOTk5ODg0OTU5M15BMl5BanBnXkFtZTgwMDQ3MDY3NjM.jpg",
  "tt1485796": "MV5BMjI1NDYzNzY2Ml5BMl5BanBnXkFtZTgwODQwODczNTM.jpg",
  "tt1488606": "MV5BODU4MzM2MDAxMl5BMl5BanBnXkFtZTgwNDEzNjM0NzM.jpg",
  "tt1489887": "MV5BMjEzMjcxNjA2Nl5BMl5BanBnXkFtZTgwMjAxMDM2NzM.jpg",
  "tt1489889": "MV5BMjA2NzEzNjIwNl5BMl5BanBnXkFtZTgwNzgwMTEzNzE.jpg",
  "tt1502407": "MV5BMmMzNjJhYjUtNzFkZi00MWQ4LWJiMDEtYWM0NTAzNGZjMTI3XkEyXkFqcGdeQXVyOTE2OTMwNDk.jpg",
  "tt1517451": "MV5BNmE5ZmE3OGItNTdlNC00YmMxLWEzNjctYzAwOGQ5ODg0OTI0XkEyXkFqcGdeQXVyMTMxODk2OTU.jpg",
  "tt1563742": "MV5BM2E5MWYwYTktMmIxZC00MWVkLTk4YjctNGU1OGVjMDIwNzM2XkEyXkFqcGdeQXVyNTAwODk1NzY.jpg",
  "tt1590193": "MV5BMTc0NDg1MjI4OV5BMl5BanBnXkFtZTgwMDIwMTEwNDI.jpg",
  "tt1594972": "MV5BNTY4MDk4Mjc4NV5BMl5BanBnXkFtZTgwNzg4OTk0NzE.jpg",
  "tt1596363": "MV5BNDc4MThhN2EtZjMzNC00ZDJmLThiZTgtNThlY2UxZWMzNjdkXkEyXkFqcGdeQXVyNDk3NzU2MTQ.jpg",
  "tt1620680": "MV5BMjMxNjQ5MTI3MV5BMl5BanBnXkFtZTgwMjQ2MTAyNDM.jpg",
  "tt1638355": "MV5BOTZmMWFhYmQtZDE5YS00YzBlLWJlOGEtYzAwNGU1YzVlYjZlXkEyXkFqcGdeQXVyNzkwMjQ5NzM.jpg",
  "tt1653665": "MV5BMjE2MTUzMDQzNF5BMl5BanBnXkFtZTgwMDYxMDQ1MjI.jpg",
  "tt1661199": "MV5BMjMxODYyODEzN15BMl5BanBnXkFtZTgwMDk4OTU0MzE.jpg",
  "tt1663202": "MV5BMDE5OWMzM2QtOTU2ZS00NzAyLWI2MDEtOTRlYjIxZGM0OWRjXkEyXkFqcGdeQXVyODE5NzE3OTE.jpg",
  "tt1677720": "MV5BY2JiYTNmZTctYTQ1OC00YjU4LWEwMjYtZjkwY2Y5MDI0OTU3XkEyXkFqcGdeQXVyNTI4MzE4MDU.jpg",
  "tt1700841": "MV5BMjkxOTk1MzY4MF5BMl5BanBnXkFtZTgwODQzOTU5ODE.jpg",
  "tt1711525": "MV5BNTI2MDE5MjQ3MV5BMl5BanBnXkFtZTgwNjA0MTUzMDI.jpg",
  "tt1727824": "MV5BMTA2NDc3Njg5NDVeQTJeQWpwZ15BbWU4MDc1NDcxNTUz.jpg",
  "tt1730768": "MV5BNTY3YmZmYmMtZjc3Zi00N2VjLWE5ZGMtN2M0ODkzOGQ5M2UyL2ltYWdlL2ltYWdlXkEyXkFqcGdeQXVyNTk1MTQ3NDI.jpg",
  "tt1798684": "MV5BMjI1MTcwODk0MV5BMl5BanBnXkFtZTgwMTgwMDM5NTE.jpg",
  "tt1823672": "MV5BMTUyNTI4NTIwNl5BMl5BanBnXkFtZTgwMjQ4MTI0NDE.jpg",
  "tt1825683": "MV5BMTg1MTY2MjYzNV5BMl5BanBnXkFtZTgwMTc4NTMwNDI.jpg",
  "tt1856101": "MV5BNzA1Njg4NzYxOV5BMl5BanBnXkFtZTgwODk5NjU3MzI.jpg",
  "tt1860242": "MV5BZmM5Y2QzOGQtNTdjZS00NDVhLThkYjItZjZiMjk4YjM0ZTUzXkEyXkFqcGdeQXVyNDg4NjY5OTQ.jpg",
  "tt1869347": "MV5BODQ3NjI2MzU4OF5BMl5BanBnXkFtZTgwNTc5NDIyNDM.jpg",
  "tt1883180": "MV5BODU3MTgxOTItMjRkYS00NDcwLTkyMDMtZGE4NTQwZWIzMzYwXkEyXkFqcGdeQXVyNzQxNDExNTU.jpg",
  "tt1895315": "MV5BNGU0Y2VkMDAtMTA0YS00YzU1LWEwNzMtZDM1MzFiNWZmMDRkXkEyXkFqcGdeQXVyMjU2OTAyMzQ.jpg",
  "tt1979376": "MV5BMTYzMDM4NzkxOV5BMl5BanBnXkFtZTgwNzM1Mzg2NzM.jpg",
  "tt2005151": "MV5BMjEyNzQ0NzM4MV5BMl5BanBnXkFtZTgwMDI0ODM2OTE.jpg",
  "tt2056771": "MV5BMTkxNzk3NzMwN15BMl5BanBnXkFtZTgwODc3ODQ4NzE.jpg",
  "tt2057392": "MV5BNTY4Nzg5MTU0OV5BMl5BanBnXkFtZTgwMjY2MjU2NzE.jpg",
  "tt2066051": "MV5BODY4MGNjN2QtN2EyOS00NmY5LThmYzMtZmUyNjUyN2VjNjlkXkEyXkFqcGdeQXVyMTQxNzMzNDI.jpg",
  "tt2080374": "MV5BMjE0NTA2MTEwOV5BMl5BanBnXkFtZTgwNzg4NzU2NjE.jpg",
  "tt2094766": "MV5BNzE1OTczNTc1OF5BMl5BanBnXkFtZTgwMzgyMDI3MDI.jpg",
  "tt2097298": "MV5BMjMwNjY2Mjk5OV5BMl5BanBnXkFtZTgwODM2NTA0MzE.jpg",
  "tt2119543": "MV5BMTk1MzM1ODEwOV5BMl5BanBnXkFtZTgwMTE0OTA4NTM.jpg",
  "tt2140479": "MV5BNDc5Mzg2NTYxNV5BMl5BanBnXkFtZTgwMjQ2ODAwOTE.jpg",
  "tt2140507": "MV5BYWIxOWU4OGUtMTY1Ny00YmY3LWFhOTgtNzk3NmExYjUwMTFmXkEyXkFqcGdeQXVyMTkxNjUyNQ.jpg",
  "tt2217859": "MV5BMTc0MTQxMDY2OV5BMl5BanBnXkFtZTgwNTIwNTgxODE.jpg",
  "tt2226597": "MV5BNjllMWJmZTEtODA2Mi00MzY3LThiYmMtZDFjYjQ2NDM2MWJkXkEyXkFqcGdeQXVyMTMxODk2OTU.jpg",
  "tt2231461": "MV5BNDA1NjA3ODU3OV5BMl5BanBnXkFtZTgwOTg3MTIwNTM.jpg",
  "tt2267968": "MV5BMTUyNzgxNjg2M15BMl5BanBnXkFtZTgwMTY1NDI1NjE.jpg",
  "tt2283336": "MV5BMDZkODI2ZGItYTY5Yi00MTA4LWExY2ItM2ZmNjczYjM0NDg1XkEyXkFqcGdeQXVyMzY0MTE3NzU.jpg",
  "tt2316204": "MV5BYzVkMjRhNzctOGQxMC00OGE2LWJhN2EtNmYyODRiMDNlM2ZmXkEyXkFqcGdeQXVyMTMxODk2OTU.jpg",
  "tt2356777": "MV5BMTUwMGM2ZmYtZGEyZC00OWQyLWI2Y2QtMTdjYzMxZGJmNjhjXkEyXkFqcGdeQXVyNjU2ODM5MjU.jpg",
  "tt2365580": "MV5BNDZiY2MyN2ItZjYyMi00YWNiLTk3NTQtNzk3YWFlOTg1MzViXkEyXkFqcGdeQXVyODk2NDQ3MTA.jpg",
  "tt2381111": "MV5BMzE4MDk5NzEyOV5BMl5BanBnXkFtZTgwNDM4NDA3NjE.jpg",
  "tt2381249": "MV5BOTFmNDA3ZjMtN2Y0MC00NDYyLWFlY2UtNTQ4OTQxMmY1NmVjXkEyXkFqcGdeQXVyNTg4NDQ4NDY.jpg",
  "tt2392830": "MV5BZDNhNDg5ZGItMzA2YS00NDRlLWE2NTItNWQ0OGEwZGIyOTc2XkEyXkFqcGdeQXVyNDU0NjMyNTQ.jpg",
  "tt2396589": "MV5BZTg3YTEzNjYtZTY2NS00YjNmLTlhNjUtZTI2M2E5NDI4M2NjXkEyXkFqcGdeQXVyMzI3MDEzMzM.jpg",
  "tt2401878": "MV5BMTkyMzI2MzQ1N15BMl5BanBnXkFtZTgwNDg0MzQxNzE.jpg",
  "tt2402927": "MV5BMTczNTQ4OTEyNV5BMl5BanBnXkFtZTgwNDgyMDI3NjE.jpg",
  "tt2404233": "MV5BNjExODg3MDUzNl5BMl5BanBnXkFtZTgwNjExMjE3NzE.jpg",
  "tt2404435": "MV5BMTUzNTc0NTAyM15BMl5BanBnXkFtZTgwMTk1ODA5OTE.jpg",
  "tt2406566": "MV5BMjM5NDYzMzg5N15BMl5BanBnXkFtZTgwOTM2NDU1MjI.jpg",
  "tt2446980": "MV5BNzRiOWZmMzUtZTJiOC00MjQ1LTkwMjgtNzhlYzBmODAzYTA0XkEyXkFqcGdeQXVyNTIzOTk5ODM.jpg",
  "tt2452244": "MV5BZGE1NGYxOWItODdmMy00NWNhLTgxZmMtYmVjYmViMGI0NTdmXkEyXkFqcGdeQXVyNzE2MTQyMzM.jpg",
  "tt2481498": "MV5BMjM4ZjY5ZmQtNjUwYi00Yzk2LWIwNmMtYTg1NmU0MWExZTMzXkEyXkFqcGdeQXVyMTg2MDEyMzM.jpg",
  "tt2488496": "MV5BOTAzODEzNDAzMl5BMl5BanBnXkFtZTgwMDU1MTgzNzE.jpg",
  "tt2513074": "MV5BMTY1NDI1Nzg4OF5BMl5BanBnXkFtZTgwNjYxOTg4ODE.jpg",
  "tt2527336": "MV5BMjQ1MzcxNjg4N15BMl5BanBnXkFtZTgwNzgwMjY4MzI.jpg",
  "tt2531344": "MV5BMjE0ODIzNjkzMl5BMl5BanBnXkFtZTgwODQ3MzU4NDM.jpg",
  "tt2534634": "MV5BMTA2ODEwMjgtYTI2ZC00YzJjLTg4ZjktZGZmZDhiM2JkNWE4XkEyXkFqcGdeQXVyMDI2NDg0NQ.jpg",
  "tt2543164": "MV5BMTExMzU0ODcxNDheQTJeQWpwZ15BbWU4MDE1OTI4MzAy.jpg",
  "tt2548396": "MV5BMTAwOTIxMDA0MjZeQTJeQWpwZ15BbWU4MDg1MjgzNzQz.jpg",
  "tt2557478": "MV5BMjI3Nzg0MTM5NF5BMl5BanBnXkFtZTgwOTE2MTgwNTM.jpg",
  "tt2582496": "MV5BNTA1NzUzNjY4MV5BMl5BanBnXkFtZTgwNDU0MDI0NTE.jpg",
  "tt2582782": "MV5BMTg4NDA1OTA5NF5BMl5BanBnXkFtZTgwMDQ2MDM5ODE.jpg",
  "tt2584384": "MV5BZjU0Yzk2MzEtMjAzYy00MzY0LTg2YmItM2RkNzdkY2ZhN2JkXkEyXkFqcGdeQXVyNDg4NjY5OTQ.jpg",
  "tt2649554": "MV5BMTUwNDcyNzkyOV5BMl5BanBnXkFtZTgwNzI1NzkyNzE.jpg",
  "tt2671706": "MV5BOTg0Nzc1NjA0MV5BMl5BanBnXkFtZTgwNTcyNDQ0MDI.jpg",
  "tt2704998": "MV5BMjI3ODkzNDk5MF5BMl5BanBnXkFtZTgwNTEyNjY2NDM.jpg",
  "tt2709692": "MV5BYmE5Yjg0MzktYzgzMi00YTFiLWJjYTItY2M5MmI1ODI4MDY3XkEyXkFqcGdeQXVyMTMxODk2OTU.jpg",
  "tt2763304": "MV5BMjI0MTE1ODkzMl5BMl5BanBnXkFtZTgwMTQ1MTg5MDI.jpg",
  "tt2771200": "MV5BMTUwNjUxMTM4NV5BMl5BanBnXkFtZTgwODExMDQzMTI.jpg",
  "tt2798920": "MV5BMTk2Mjc2NzYxNl5BMl5BanBnXkFtZTgwMTA2OTA1NDM.jpg",
  "tt2815902": "MV5BMTQ3NTU5ODMzNV5BMl5BanBnXkFtZTgwNTM5NTEzOTE.jpg",
  "tt2823054": "MV5BMjM4NDIxNzI5Nl5BMl5BanBnXkFtZTgwMTg4NTY5NzE.jpg",
  "tt2854926": "MV5BNzk4NDM3NjkwNF5BMl5BanBnXkFtZTgwNTk5MzkzNTM.jpg",
  "tt2870648": "MV5BMTQ1MzE4MTE3OF5BMl5BanBnXkFtZTgwOTcyNDM3NTE.jpg",
  "tt2872518": "MV5BMjI3MDMxNzcxNl5BMl5BanBnXkFtZTgwODc4MzkwOTE.jpg",
  "tt2872750": "MV5BOTc1ODY5MTQ1Nl5BMl5BanBnXkFtZTgwMDM5ODI1NjE.jpg",
  "tt2873282": "MV5BMTA3MDkxOTc4NDdeQTJeQWpwZ15BbWU4MDAxNzgyNTQz.jpg",
  "tt2884018": "MV5BNzgyNDczMjU4NV5BMl5BanBnXkFtZTgwMTUwMDI3NjE.jpg",
  "tt2935510": "MV5BZTllZTdlOGEtZTBmMi00MGQ5LWFjN2MtOGEyZTliNGY1MzFiXkEyXkFqcGdeQXVyODk4OTc3MTY.jpg",
  "tt2937696": "MV5BMTk2NDcyNDE5N15BMl5BanBnXkFtZTgwNDA0MzQ1NzE.jpg",
  "tt2948356": "MV5BOTMyMjEyNzIzMV5BMl5BanBnXkFtZTgwNzIyNjU0NzE.jpg",
  "tt2975590": "MV5BYThjYzcyYzItNTVjNy00NDk0LTgwMWQtYjMwNmNlNWJhMzMyXkEyXkFqcGdeQXVyMTQxNzMzNDI.jpg",
  "tt3040964": "MV5BMTc3NTUzNTI4MV5BMl5BanBnXkFtZTgwNjU0NjU5NzE.jpg",
  "tt3065132": "MV5BMjQwODg2NDIyN15BMl5BanBnXkFtZTgwMTI4NDMwNjE.jpg",
  "tt3072482": "MV5BNjIzNTcwMDc3Nl5BMl5BanBnXkFtZTgwNzU5NTY5NzE.jpg",
  "tt3076658": "MV5BODg5NDM1MDI4NF5BMl5BanBnXkFtZTgwMzg0MzQxNzE.jpg",
  "tt3080844": "MV5BNjE1ODQ3ODA2M15BMl5BanBnXkFtZTgwNTM2MjYzODE.jpg",
  "tt3104988": "MV5BMTYxNDMyOTAxN15BMl5BanBnXkFtZTgwMDg1ODYzNTM.jpg",
  "tt3183660": "MV5BMjMxOTM1OTI4MV5BMl5BanBnXkFtZTgwODE5OTYxMDI.jpg",
  "tt3201640": "MV5BMTU5OTYzMzcwOF5BMl5BanBnXkFtZTgwNTkzMzk4NTM.jpg",
  "tt3203606": "MV5BMjM1MDc2OTQ3NV5BMl5BanBnXkFtZTgwNzQ0NjQ1NjE.jpg",
  "tt3205376": "MV5BNTYxNDA5ODk5NF5BMl5BanBnXkFtZTgwNzMwMzIwNTE.jpg",
  "tt3224458": "MV5BYTc1OWFmZDYtNDkzMy00ZjM2LTkxZDItM2E3ZTg3NTE1ZWE2XkEyXkFqcGdeQXVyMTkxNjUyNQ.jpg",
  "tt3262342": "MV5BMTU3NjE2NjgwN15BMl5BanBnXkFtZTgwNDYzMzEwMzI.jpg",
  "tt3263904": "MV5BY2NmZDAwM2QtZmFiMS00OTJlLTgxMTItZDMyZmVhYjE1MDY3XkEyXkFqcGdeQXVyMTMxODk2OTU.jpg",
  "tt3278330": "MV5BOTBiY2U2MTctNTA4Ni00MDBkLTk5MjItZWUxNDk5YmFlMTliL2ltYWdlXkEyXkFqcGdeQXVyNDUxNjc5NjY.jpg",
  "tt3296908": "MV5BMWZkZjRkOTYtMmVhZC00NGFhLWE0ZmUtOGFhOTg4ZmRkNDY3XkEyXkFqcGdeQXVyMTMxODk2OTU.jpg",
  "tt3312830": "MV5BMjI2OTk5MzYyMl5BMl5BanBnXkFtZTgwMzY1MjE3NjE.jpg",
  "tt3319730": "MV5BMjEzODQ5NjA3OF5BMl5BanBnXkFtZTgwMzI4MjkxNDM.jpg",
  "tt3397884": "MV5BMjA5NjM3NTk1M15BMl5BanBnXkFtZTgwMzg1MzU2NjE.jpg",
  "tt3402236": "MV5BMTAxNDkxODIyMDZeQTJeQWpwZ15BbWU4MDQ2Mjg4NDIy.jpg",
  "tt3422078": "MV5BZTg1ZWIxODItY2ZjMC00MzMzLTgwMDctNTlmY2YzNjM3NzhmXkEyXkFqcGdeQXVyMTMxODk2OTU.jpg",
  "tt3450958": "MV5BNDNmYTQzMDEtMmY0MS00OTNjLTk4MjItMDZhMzkzOGI3MzA0XkEyXkFqcGdeQXVyNjk5NDA3OTk.jpg",
  "tt3460252": "MV5BMjA1MTc1NTg5NV5BMl5BanBnXkFtZTgwOTM2MDEzNzE.jpg",
  "tt3464902": "MV5BNDQ1NDE5NzQ1NF5BMl5BanBnXkFtZTgwNzA5OTM2NTE.jpg",
  "tt3488710": "MV5BNTY4MzA4Mzc5Nl5BMl5BanBnXkFtZTgwNDIzMzk5NjE.jpg",
  "tt3498820": "MV5BMjQ0MTgyNjAxMV5BMl5BanBnXkFtZTgwNjUzMDkyODE.jpg",
  "tt3501632": "MV5BMjMyNDkzMzI1OF5BMl5BanBnXkFtZTgwODcxODg5MjI.jpg",
  "tt3513498": "MV5BMTkyOTkwNDc1N15BMl5BanBnXkFtZTgwNzkyMzk3NjM.jpg",
  "tt3513548": "MV5BOTFlODg1MTEtZTJhOC00OTY1LWE0YzctZjRlODdkYWY5ZDM4XkEyXkFqcGdeQXVyNjU1NzU3MzE.jpg",
  "tt3521126": "MV5BOGNkMzliMGMtMDI5Ni00OTZkLTgyMTYtNzk5ZTY1NjVhYjVmXkEyXkFqcGdeQXVyNTAzMTY4MDA.jpg",
  "tt3529656": "MV5BM2VkOTIxNWQtNGM4MS00ZTllLTk2NjMtOWZkNWY0YzM4YjJlXkEyXkFqcGdeQXVyMTMxMTY0OTQ.jpg",
  "tt3544082": "MV5BMTgxMTQ4NzMyN15BMl5BanBnXkFtZTgwODA0MTgyNzE.jpg",
  "tt3569230": "MV5BMDQ4MGY0NWUtY2MxOC00YzI5LTg0OTEtZjNmY2Q2ZmM0MTA1XkEyXkFqcGdeQXVyNTQzOTc3MTI.jpg",
  "tt3603942": "MV5BMTg0MjkyMDQ2MV5BMl5BanBnXkFtZTgwMDUxNjc2NzE.jpg",
  "tt3606756": "MV5BMTEzNzY0OTg0NTdeQTJeQWpwZ15BbWU4MDU3OTg3MjUz.jpg",
  "tt3659388": "MV5BMTc2MTQ3MDA1Nl5BMl5BanBnXkFtZTgwODA3OTI4NjE.jpg",
  "tt3682448": "MV5BMjIxOTI0MjU5NV5BMl5BanBnXkFtZTgwNzM4OTk4NTE.jpg",
  "tt3704050": "MV5BMjM3OTY3Njc1OV5BMl5BanBnXkFtZTgwNDY0MzE1NzE.jpg",
  "tt3715320": "MV5BMjE2NTM0Mzk5Ml5BMl5BanBnXkFtZTgwMzQ3Njc3NTE.jpg",
  "tt3717804": "MV5BMWQ4Y2U5YjEtMTY5Mi00NDhjLWE4MmItNzFmZjM2YmMxMWU5XkEyXkFqcGdeQXVyMjY5OTA3NjM.jpg",
  "tt3719948": "MV5BMTg0OTg4M2EtZTAxMC00N2I0LTg1NTktMTAyNDRlMjhjZDg0XkEyXkFqcGdeQXVyNjU0ODE3MDc.jpg",
  "tt3741700": "MV5BOGFjYWNkMTMtMTg1ZC00Y2I4LTg0ZTYtN2ZlMzI4MGQwNzg4XkEyXkFqcGdeQXVyMTkxNjUyNQ.jpg",
  "tt3746250": "MV5BMjAwODg5NjA2NF5BMl5BanBnXkFtZTgwNDU0NDI2NjE.jpg",
  "tt3748172": "MV5BMzg0NGE0N2MtYTg1My00NTBkLWI5NjEtZTgyMDA0MTU4MmIyXkEyXkFqcGdeQXVyMTU2NTcyMg.jpg",
  "tt3748528": "MV5BMjEwMzMxODIzOV5BMl5BanBnXkFtZTgwNzg3OTAzMDI.jpg",
  "tt3766354": "MV5BMTU2OTYzODQyMF5BMl5BanBnXkFtZTgwNjU3Njk5NTM.jpg",
  "tt3778644": "MV5BOTM2NTI3NTc3Nl5BMl5BanBnXkFtZTgwNzM1OTQyNTM.jpg",
  "tt3783958": "MV5BMzUzNDM2NzM2MV5BMl5BanBnXkFtZTgwNTM3NTg4OTE.jpg",
  "tt3799232": "MV5BNjQ0Mzk0OTE5MF5BMl5BanBnXkFtZTgwNDkyOTI0NTM.jpg",
  "tt3799694": "MV5BMjcwNDA5MDYyNl5BMl5BanBnXkFtZTgwNjg0NDkzNzE.jpg",
  "tt3808342": "MV5BMjFmMzJlMTYtYmRlNy00Zjg5LThmYmYtYmE0NDk3N2MzMjRhXkEyXkFqcGdeQXVyMjc3MTAwNjg.jpg",
  "tt3822818": "MV5BYTEwODI2ZjQtMGIyNy00NDJlLWE1YjUtZDE1M2ZlZjI1YmFhXkEyXkFqcGdeQXVyMjMyNzM4OTA.jpg",
  "tt3824458": "MV5BMjEzNzY2NjYwOV5BMl5BanBnXkFtZTgwOTY1MDU1NTE.jpg",
  "tt3829266": "MV5BMjM5MDk2NDIxMF5BMl5BanBnXkFtZTgwNjU5NDk3NTM.jpg",
  "tt3846674": "MV5BMjQ3NjM5MTAzN15BMl5BanBnXkFtZTgwODQzMDAwNjM.jpg",
  "tt3850214": "MV5BMjA3MjYyNTk0Nl5BMl5BanBnXkFtZTgwODc1NzQ1NTE.jpg",
  "tt3859076": "MV5BMzkxNjU2MzMzOF5BMl5BanBnXkFtZTgwOTA3Mjg4NjE.jpg",
  "tt3864056": "MV5BY2ZmNmUzNTctYTA3Mi00ZTg3LWFmMWMtYzU2ZjA3NDRmODIzXkEyXkFqcGdeQXVyMTkxNjUyNQ.jpg",
  "tt3877674": "MV5BMTcwMjI0OTgxM15BMl5BanBnXkFtZTgwNDg3MzczODE.jpg",
  "tt3882082": "MV5BMTc1MjcxNzcwMV5BMl5BanBnXkFtZTgwMTE0NTE2NzE.jpg",
  "tt3890160": "MV5BMjM3MjQ1MzkxNl5BMl5BanBnXkFtZTgwODk1ODgyMjI.jpg",
  "tt3896198": "MV5BNjM0NTc0NzItM2FlYS00YzEwLWE0YmUtNTA2ZWIzODc2OTgxXkEyXkFqcGdeQXVyNTgwNzIyNzg.jpg",
  "tt3906082": "MV5BNzUyM2EzOTEtOTMwMi00NzMwLWEyYTAtZGYxYzMyZDgyNGUyXkEyXkFqcGdeQXVyODY3Nzc0OTk.jpg",
  "tt3920596": "MV5BZmNjYzdjN2ItOTBlNy00Mjc0LWE4YmMtYTQ4ZjQzNTMyNDc4XkEyXkFqcGdeQXVyMTkxNjUyNQ.jpg",
  "tt3960412": "MV5BMjMxMzk2ODI4N15BMl5BanBnXkFtZTgwNzgzNzQ5ODE.jpg",
  "tt3967856": "MV5BMjQxMTcxNDgxN15BMl5BanBnXkFtZTgwOTczNTIzMjI.jpg",
  "tt4025514": "MV5BYzhmZTViMzktNjE5MC00MjIxLTkzYjctNDZjNmQ5YWI5MGEwXkEyXkFqcGdeQXVyMTYzMDM0NTU.jpg",
  "tt4034228": "MV5BMTYxMjk0NDg4Ml5BMl5BanBnXkFtZTgwODcyNjA5OTE.jpg",
  "tt4062536": "MV5BMjU1ODQ5NzA0N15BMl5BanBnXkFtZTgwMDg5MTA5NzE.jpg",
  "tt4068576": "MV5BNjVmZmY1NmQtMWNhZS00ZDUwLTk5ZTQtZGE4NWIyM2YwMDRiXkEyXkFqcGdeQXVyODY3Nzc0OTk.jpg",
  "tt4076756": "MV5BMTg2NzQ1MjUwNl5BMl5BanBnXkFtZTgwNDQwMjc5NTE.jpg",
  "tt4080956": "MV5BMzU5NzhlOGYtODE0YS00ZmUxLWI2YzctNTM0ZWNjMmJjMjBkXkEyXkFqcGdeQXVyNTAzMTY4MDA.jpg",
  "tt4094724": "MV5BMjMxNzk2OTQ1OV5BMl5BanBnXkFtZTgwMTI2NjU5ODE.jpg",
  "tt4123430": "MV5BYWVlMDI5N2UtZTIyMC00NjZkLWI5Y2QtODM5NGE5MzA0NmVjXkEyXkFqcGdeQXVyNzU3NjUxMzE.jpg",
  "tt4126304": "MV5BMjE1MzI2MzcxOV5BMl5BanBnXkFtZTgwNTE2Mjk4NTE.jpg",
  "tt4154664": "MV5BMTE0YWFmOTMtYTU2ZS00ZTIxLWE3OTEtYTNiYzBkZjViZThiXkEyXkFqcGdeQXVyODMzMzQ4OTI.jpg",
  "tt4160708": "MV5BZGI5ZTU2M2YtZWY4MC00ZDFhLTliYTItZTk1NjdlN2NkMzg2XkEyXkFqcGdeQXVyMjY5ODI4NDk.jpg",
  "tt4172430": "MV5BYjY0OWVjMGQtNTIzZi00OGU5LWI4N2EtMGU0YzQ4OWM4ZmVhXkEyXkFqcGdeQXVyMTMxODk2OTU.jpg",
  "tt4188202": "MV5BMTg2MTI0MjQ5OV5BMl5BanBnXkFtZTgwNDIxMjczNDE.jpg",
  "tt4196776": "MV5BNGJlYjVkMjQtN2NlZC00NTJhLThmZjItMTRlZDczMmE3YmI3XkEyXkFqcGdeQXVyMzI0NDc4ODY.jpg",
  "tt4209788": "MV5BNTkzMzRlYjEtMTQ5Yi00OWY3LWI0NzYtNGQ4ZDkzZTU0M2IwXkEyXkFqcGdeQXVyMTMxODk2OTU.jpg",
  "tt4218572": "MV5BMjM3ODc5NDEyOF5BMl5BanBnXkFtZTgwMTI4MDcxNjM.jpg",
  "tt4226388": "MV5BMTc5NzQzNjk2NF5BMl5BanBnXkFtZTgwODU0MjI5NjE.jpg",
  "tt4238858": "MV5BMTk4OTY4MDg4Nl5BMl5BanBnXkFtZTgwMTE1MTU3ODE.jpg",
  "tt4244998": "MV5BODI4OTk1ODY3N15BMl5BanBnXkFtZTgwMDI1MTcwNjM.jpg",
  "tt4247618": "MV5BNDFmYThjMzQtYjEzYi00MmU4LTkwMTktMjRjNjk5YTNkYmM5XkEyXkFqcGdeQXVyMTExNDQ2MTI.jpg",
  "tt4257858": "MV5BZjYxYTA0MWQtYWViYi00YmRhLWEzNzctMDkwMGQ5ODFmM2FjXkEyXkFqcGdeQXVyMTQxNzMzNDI.jpg",
  "tt4263482": "MV5BMTUyNzkwMzAxOF5BMl5BanBnXkFtZTgwMzc1OTk1NjE.jpg",
  "tt4276820": "MV5BMzExNDg0MDk1M15BMl5BanBnXkFtZTgwNzE1Mjg0MDI.jpg",
  "tt4299972": "MV5BMjI0OTc3MzY5Ml5BMl5BanBnXkFtZTgwNjk3MDUyNDE.jpg",
  "tt4302938": "MV5BMjA2Mzg2NDMzNl5BMl5BanBnXkFtZTgwMjcwODUzOTE.jpg",
  "tt4329800": "MV5BMTU1NzE3NjczOV5BMl5BanBnXkFtZTgwNzk4NjY5NTE.jpg",
  "tt4331620": "MV5BZmQ5MTliNjEtYzNjMS00MGJlLTg1ZmQtYjk0MGJkZDA3ODhhXkEyXkFqcGdeQXVyNTA3MzY1Mzc.jpg",
  "tt4358230": "MV5BNjg2YjA2ODctZjFhZS00OWQ2LTkwMWYtOTAyYWNjMjYyOGY5L2ltYWdlXkEyXkFqcGdeQXVyMTc4MzI2NQ.jpg",
  "tt4364194": "MV5BOWVmZGQ0MGYtMDI1Yy00MDkxLWJiYjQtMmZjZmQ0NDFmMDRhXkEyXkFqcGdeQXVyNjg3MDMxNzU.jpg",
  "tt4374460": "MV5BNTgxNjA5MDkzNF5BMl5BanBnXkFtZTgwMTUyNzA5NDE.jpg",
  "tt4375438": "MV5BMTY2OTE4NTUzMl5BMl5BanBnXkFtZTgwNDY3NzA1NzE.jpg",
  "tt4400994": "MV5BMTk0Nzg0NzU0Ml5BMl5BanBnXkFtZTgwOTkwMjY5MzI.jpg",
  "tt4411596": "MV5BMzY0YTFlNjMtNDk5MS00MmIxLWJkNjYtZWQwYzk5NjZkZTc1XkEyXkFqcGdeQXVyNDcxNzU3MTE.jpg",
  "tt4411838": "N/A",
  "tt4425200": "MV5BMjE2NDkxNTY2M15BMl5BanBnXkFtZTgwMDc2NzE0MTI.jpg",
  "tt4438848": "MV5BMTY0NzUxMDUzN15BMl5BanBnXkFtZTgwNzI2MTY4ODE.jpg",
  "tt4468740": "MV5BMmYwNWZlNzEtNjE4Zi00NzQ4LWI2YmUtOWZhNzZhZDYyNmVmXkEyXkFqcGdeQXVyNzYzODM3Mzg.jpg",
  "tt4477536": "MV5BMTYxOTQ1MzI0Nl5BMl5BanBnXkFtZTgwMzgwMzIxNDM.jpg",
  "tt4481414": "MV5BMjQ2NDU3NDE0M15BMl5BanBnXkFtZTgwMjA3OTg0MDI.jpg",
  "tt4489416": "MV5BZjE3MGYyM2QtMzgzZS00OGQ5LWE2MjAtMWEyMDk5YzhhZWU0XkEyXkFqcGdeQXVyNjU1ODkwMjU.jpg",
  "tt4494718": "MV5BMjM0Nzk3NDE5OF5BMl5BanBnXkFtZTgwNjQyODA5NDM.jpg",
  "tt4500584": "MV5BMTcwMTgxNDk2MV5BMl5BanBnXkFtZTgwOTk3MDQzNTE.jpg",
  "tt4500922": "MV5BMTYyNzk3MDc2NF5BMl5BanBnXkFtZTgwMDk3OTM1NDM.jpg",
  "tt4504044": "MV5BYTQxNTMwMmUtMWRkYi00MTRmLTgyYWItYTYwNGZkMWZmMzQ2XkEyXkFqcGdeQXVyMjM4NTM5NDY.jpg",
  "tt4511200": "MV5BNjU5MzA4YjMtOGQ4NS00MjAzLWEyOTUtMGQ0OTE5MjgxY2JmXkEyXkFqcGdeQXVyMTMxODk2OTU.jpg",
  "tt4518352": "MV5BMjQ0MTE4NTYxMV5BMl5BanBnXkFtZTgwNTY3NDY3NzE.jpg",
  "tt4530422": "MV5BYTUzYmJlNDgtMzM2ZS00N2ZkLWJjY2ItNzM0ZmVjMWU5OTA3XkEyXkFqcGdeQXVyMjQwMDg0Ng.jpg",
  "tt4532826": "MV5BOGQzZDM0NGUtZGE1NS00ZjQwLTk0N2EtMWI0NTgxYTkwYWQ4XkEyXkFqcGdeQXVyNDMzMzI5MjM.jpg",
  "tt4555426": "MV5BNTU4MjMwOTgyMV5BMl5BanBnXkFtZTgwODQzNjY2NDM.jpg",
  "tt4560436": "MV5BNzUyODk4OTkxNF5BMl5BanBnXkFtZTgwMzY0MDgzNTM.jpg",
  "tt4572514": "MV5BODYxMDc0NTg2Nl5BMl5BanBnXkFtZTgwNjY0NDYzOTE.jpg",
  "tt4575576": "MV5BMjAzOTM2OTAyNF5BMl5BanBnXkFtZTgwNTg5ODg1NTM.jpg",
  "tt4652650": "MV5BMTU3MzUzMjIxMV5BMl5BanBnXkFtZTgwODY5MTIzNDM.jpg",
  "tt4695012": "MV5BMjQ3MDA0ODA2N15BMl5BanBnXkFtZTgwNzg0NzgwMjI.jpg",
  "tt4701182": "MV5BMjUwNjU5NDMyNF5BMl5BanBnXkFtZTgwNzgxNjM2NzM.jpg",
  "tt4714782": "MV5BN2JhYTViMGUtMTU0Ni00MzU5LWE0ZmYtNDk2YTdmOTI5MTFjXkEyXkFqcGdeQXVyNTIyODMzMzA.jpg",
  "tt4731136": "MV5BMTg5Njg1MzIwNl5BMl5BanBnXkFtZTgwNDU1NjczMDI.jpg",
  "tt4733640": "MV5BNDU5YzgyOGYtNTFjMi00Mzg4LWFhODMtMjY3OWM0ZjM0YTVkXkEyXkFqcGdeQXVyMzQwMTY2Nzk.jpg",
  "tt4768776": "MV5BMTUwMjY3OTE5OF5BMl5BanBnXkFtZTgwMzgwMDY2ODE.jpg",
  "tt4776998": "MV5BYTI5NmI0N2UtOWQyOC00MDg2LWI5YWUtNWEwZTgyM2VlYThmXkEyXkFqcGdeQXVyMTk1MDM0OTc.jpg",
  "tt4779682": "MV5BMTAxMGRmODYtM2NkYS00ZGRlLWE1MWItYjI1MzIwNjQwN2RiXkEyXkFqcGdeQXVyMTMxODk2OTU.jpg",
  "tt4786282": "MV5BMTg1OTkxNDgyMV5BMl5BanBnXkFtZTgwMjEzNTc0ODE.jpg",
  "tt4805316": "MV5BMTEzNDk1MzM4MDleQTJeQWpwZ15BbWU4MDM2NTI4ODEy.jpg",
  "tt4817256": "MV5BYWJkMmY3NzItYWU3OC00ZWFhLWFmOGUtMmU3MWJkNTRjMzg5XkEyXkFqcGdeQXVyMTEyNzM2MDg.jpg",
  "tt4846232": "MV5BNGQ3Y2VjNmUtMDdiMC00YTE1LWI5NmUtZDIzMTJmODQyNDU4XkEyXkFqcGdeQXVyNTAzMTY4MDA.jpg",
  "tt4874696": "MV5BNDY5MDgxMDY3Nl5BMl5BanBnXkFtZTgwMTYwMDI0NjE.jpg",
  "tt4881806": "MV5BNzIxMjYwNDEwN15BMl5BanBnXkFtZTgwMzk5MDI3NTM.jpg",
  "tt4897822": "MV5BMTU3MjI2ODkzMF5BMl5BanBnXkFtZTgwMjkzMjY5NzE.jpg",
  "tt4901304": "MV5BMTQ5MTk5NTgyMV5BMl5BanBnXkFtZTgwNDI0NTY4MDI.jpg",
  "tt4912910": "MV5BNjRlZmM0ODktY2RjNS00ZDdjLWJhZGYtNDljNWZkMGM5MTg0XkEyXkFqcGdeQXVyNjAwMjI5MDk.jpg",
  "tt4913966": "MV5BNjU4NjU4ZDktOTg2Ny00MWI2LThiMTAtMGFkZGE1MWI5MzhjXkEyXkFqcGdeQXVyODQxMTI4MjM.jpg",
  "tt4925292": "MV5BODhkZGE0NDQtZDc0Zi00YmQ4LWJiNmUtYTY1OGM1ODRmNGVkXkEyXkFqcGdeQXVyMTMxODk2OTU.jpg",
  "tt4929038": "MV5BNTY4ODY2OGUtYTc4OC00OTE5LWFhZTMtOGQ4ZmRmNTRiZjFlXkEyXkFqcGdeQXVyMTU2NjUwNTg.jpg",
  "tt4935158": "MV5BMTU0ODgwMjA1OV5BMl5BanBnXkFtZTgwMTA0ODM2OTE.jpg",
  "tt4935446": "MV5BZGI1YTg4MjQtYjlhNy00MWQ3LWI3YjgtYzgwYTk5YmMwMjgxXkEyXkFqcGdeQXVyMTMxMTY0OTQ.jpg",
  "tt4954522": "MV5BMjc2YzM3OWUtYjdiYy00N2RiLWFiMjItYTljMmU2MGU0OGUwXkEyXkFqcGdeQXVyMTMxODk2OTU.jpg",
  "tt4975722": "MV5BNzQxNTIyODAxMV5BMl5BanBnXkFtZTgwNzQyMDA3OTE.jpg",
  "tt4978710": "MV5BMzU2NDI1NTEwNF5BMl5BanBnXkFtZTgwMjEwNTIwMzI.jpg",
  "tt4986098": "MV5BMjE4NDc5MDU2NV5BMl5BanBnXkFtZTgwNDI1ODEyNTM.jpg",
  "tt5013056": "MV5BN2YyZjQ0NTEtNzU5MS00NGZkLTg0MTEtYzJmMWY3MWRhZjM2XkEyXkFqcGdeQXVyMDA4NzMyOA.jpg",
  "tt5028340": "MV5BMjQxNjE3NjYxN15BMl5BanBnXkFtZTgwMTk2NDQ3NjM.jpg",
  "tt5049636": "MV5BYWJkOGJjNjQtMWMzZC00OTI1LTk0NDUtNzY2ZWEyZDFjMDdiXkEyXkFqcGdeQXVyNjMxNzY4Nzk.jpg",
  "tt5052448": "MV5BMjUxMDQwNjcyNl5BMl5BanBnXkFtZTgwNzcwMzc0MTI.jpg",
  "tt5052474": "MV5BMjgyOWRhMDctZTZlNC00M2I1LWI0NDQtYzlmODdmYjY2MThiXkEyXkFqcGdeQXVyMzY0MTE3NzU.jpg",
  "tt5057140": "MV5BMjMwOTQ1MzM3M15BMl5BanBnXkFtZTgwODQyNDQxNjM.jpg",
  "tt5095030": "MV5BYjcyYTk0N2YtMzc4ZC00Y2E0LWFkNDgtNjE1MzZmMGE1YjY1XkEyXkFqcGdeQXVyMTMxODk2OTU.jpg",
  "tt5104604": "MV5BMTYyOTUwNjAxM15BMl5BanBnXkFtZTgwODcyMzE0NDM.jpg",
  "tt5109784": "MV5BMzc5ODExODE0MV5BMl5BanBnXkFtZTgwNDkzNDUxMzI.jpg",
  "tt5113040": "MV5BMzdlMWQzZmItMDA5Ny00MGFjLTk0MDAtYjgzMmMyNTEwMzdhXkEyXkFqcGdeQXVyODQzNTE3ODc.jpg",
  "tt5117670": "MV5BMzI5MzZmZjItOGQzZC00NjNiLWFjMjQtMGNhY2NmNDMyNGM1XkEyXkFqcGdeQXVyMTMxODk2OTU.jpg",
  "tt5156940": "MV5BNjJiMGQ4YmUtZThkOS00ZjJjLWFjNTUtYWY2ODU5YTM0YjEzL2ltYWdlL2ltYWdlXkEyXkFqcGdeQXVyNDcyMjU3MzQ.jpg",
  "tt5164214": "MV5BMjAyNDEyMzc4Ml5BMl5BanBnXkFtZTgwMjEzNjM0NTM.jpg",
  "tt5164432": "MV5BNTMyZDdiMzUtZjcxNS00Mjc3LTljY2UtYjI4YmY5NzJlYjc1XkEyXkFqcGdeQXVyMTA5OTkwNTc.jpg",
  "tt5177088": "MV5BZWU4ZDI5OGEtOTdmZS00MmNiLWIzNjQtZGM1MGE0M2UzYTczXkEyXkFqcGdeQXVyMTMxODk2OTU.jpg",
  "tt5180504": "MV5BOGE4MmVjMDgtMzIzYy00NjEwLWJlODMtMDI1MGY2ZDlhMzE2XkEyXkFqcGdeQXVyMzY0MTE3NzU.jpg",
  "tt5208216": "MV5BMjM3NjY0MTYwM15BMl5BanBnXkFtZTgwMDI5NzA2MzI.jpg",
  "tt5220122": "MV5BNjA1MzU5MTY3OF5BMl5BanBnXkFtZTgwNTU5MDA3NTM.jpg",
  "tt5246700": "MV5BMjMwOTg0MzU4MV5BMl5BanBnXkFtZTgwODk2NjY3NTM.jpg",
  "tt5290382": "MV5BNWNmYzQ1ZWUtYTQ3ZS00Y2UwLTlkMDctZThlOTJkMGJiNzBiXkEyXkFqcGdeQXVyNjg2NjQwMDQ.jpg",
  "tt5294550": "MV5BNjY3Mjg0OTc1OF5BMl5BanBnXkFtZTgwNDU0MzAyNDM.jpg",
  "tt5294966": "MV5BNzQxZGFmNGUtNDcxNC00NGE2LThlODItNDU1OTZjYTIyMjI2XkEyXkFqcGdeQXVyNzI1NzMxNzM.jpg",
  "tt5362988": "MV5BMTUyMjU1OTUwM15BMl5BanBnXkFtZTgwMDg1NDQ2MjI.jpg",
  "tt5439796": "MV5BMTYyODg0NDU1OV5BMl5BanBnXkFtZTgwNjcxMzU0MjI.jpg",
  "tt5462602": "MV5BZWM4YzZjOTEtZmU5ZS00ZTRkLWFiNjAtZTEwNzIzMDM5MjdmXkEyXkFqcGdeQXVyNDg2MjUxNjM.jpg",
  "tt5463162": "MV5BNjk1Njk3YjctMmMyYS00Y2I4LThhMzktN2U0MTMyZTFlYWQ5XkEyXkFqcGdeQXVyODM2ODEzMDA.jpg",
  "tt5478478": "MV5BNjFhZjM4ZDYtMGRjYi00Yzc2LWExYmEtMDQ3NzA4ODU4YTljXkEyXkFqcGdeQXVyNjkwMzU3NDI.jpg",
  "tt5503686": "MV5BNjM5ZTNiNGMtMDA2OC00MDYyLWEyNzAtOWZmMzFlY2VmOWM4XkEyXkFqcGdeQXVyMTkxNjUyNQ.jpg",
  "tt5523010": "MV5BOTg1NDI1MjEyMl5BMl5BanBnXkFtZTgwOTA5MTgwNjM.jpg",
  "tt5580036": "MV5BMjI5MDY1NjYzMl5BMl5BanBnXkFtZTgwNjIzNDAxNDM.jpg",
  "tt5580390": "MV5BNGNiNWQ5M2MtNGI0OC00MDA2LWI5NzEtMmZiYjVjMDEyOWYzXkEyXkFqcGdeQXVyMjM4NTM5NDY.jpg",
  "tt5592248": "MV5BMTg5NjY3NDYxMl5BMl5BanBnXkFtZTgwMjI5ODgyMjI.jpg",
  "tt5598102": "MV5BMmUwMzJkODEtOTZjNy00ZWNkLWE4ZDItYzcyYzA2OGJhMjYwXkEyXkFqcGdeQXVyNjc0MzY3NTA.jpg",
  "tt5607714": "MV5BMTA1NmIxMmEtNTdhNS00MmVkLWI1ZTEtN2FhNTU2NDAzYzNhXkEyXkFqcGdeQXVyMDYxMTUwNg.jpg",
  "tt5610554": "MV5BMTU0OTM4NTMyMF5BMl5BanBnXkFtZTgwNDA5MzUwNTM.jpg",
  "tt5619332": "MV5BMTkzOTk0MjYwM15BMl5BanBnXkFtZTgwNTE5ODQxNTM.jpg",
  "tt5649108": "MV5BNDcyNDA4NDAzN15BMl5BanBnXkFtZTgwODQxMDQ5NDM.jpg",
  "tt5649144": "MV5BMjg4ZmY1MmItMjFjOS00ZTg2LWJjNDYtNDM2YmM2NzhiNmZhXkEyXkFqcGdeQXVyNTAzMTY4MDA.jpg",
  "tt5666304": "MV5BMzAzOTQ2NTg1OF5BMl5BanBnXkFtZTgwNTUyNzUzMjI.jpg",
  "tt5690360": "MV5BMjE0MzcwMDAyNl5BMl5BanBnXkFtZTgwMzc4ODg0NDM.jpg",
  "tt5710514": "MV5BYmM5Zjg5ZWEtYmQwOS00NmFmLTgxYzktYTJkZmY3OGM4NDQyXkEyXkFqcGdeQXVyNjk4NjM5Nzc.jpg",
  "tt5711148": "MV5BMTE0MDQxODg2NTJeQTJeQWpwZ15BbWU4MDIwODkyMjQz.jpg",
  "tt5715874": "MV5BMjU4NDcwOTA2NF5BMl5BanBnXkFtZTgwMjE2OTg4MzI.jpg",
  "tt5726086": "MV5BMjQ3NTgzNjk4MF5BMl5BanBnXkFtZTgwNDE0MTUxNDM.jpg",
  "tt5726616": "MV5BNDk3NTEwNjc0MV5BMl5BanBnXkFtZTgwNzYxNTMwMzI.jpg",
  "tt5727208": "MV5BZDhkMjUyYjItYWVkYi00YTM5LWE4MGEtY2FlMjA3OThlYmZhXkEyXkFqcGdeQXVyODk4OTc3MTY.jpg",
  "tt5742374": "MV5BMDkwOTE0ZjMtZmRiYS00M2M3LWE3MzUtNzNmNmExNTNmNjg5XkEyXkFqcGdeQXVyODE1MjMyNzI.jpg",
  "tt5758778": "MV5BOGM3MzQwYzItNDA1Ny00MzIyLTg5Y2QtYTAwMzNmMDU2ZDgxXkEyXkFqcGdeQXVyMjMxOTE0ODA.jpg",
  "tt5776858": "MV5BMWJkNzBkM2UtYWFlMC00NmEwLTgxOGUtMjVmMzYyZjgyMmEzXkEyXkFqcGdeQXVyMjM4NTM5NDY.jpg",
  "tt5814060": "MV5BMjM3NzQ5NDcxOF5BMl5BanBnXkFtZTgwNzM4MTQ5NTM.jpg",
  "tt5834262": "MV5BMDhhNWE3NmQtY2Y1OC00MzQ4LWJhNjktZWEzNjEzMTE3YWIyXkEyXkFqcGdeQXVyMjM4NTM5NDY.jpg",
  "tt5848272": "MV5BMTYyNzEyNDAzOV5BMl5BanBnXkFtZTgwNTk3NDczNjM.jpg",
  "tt5865326": "MV5BNDhiZTA1MzItMWNmZC00YWZlLWI5NTYtYzI5MzMxNGJkZDcxXkEyXkFqcGdeQXVyNTE4NTE0NjU.jpg",
  "tt5884052": "MV5BNDU4Mzc3NzE5NV5BMl5BanBnXkFtZTgwMzE1NzI1NzM.jpg",
  "tt5886046": "MV5BMjQ2NDMwMTY3MF5BMl5BanBnXkFtZTgwNDg5OTc1NjM.jpg",
  "tt5886440": "MV5BMzA5NDM1MjMzNl5BMl5BanBnXkFtZTgwNDUyMTA4NDM.jpg",
  "tt5952594": "MV5BNDkwYzBjOTItYTFhZC00ZWZlLTg1YzYtZWU4ZGZhZWI0MmNkXkEyXkFqcGdeQXVyODAzODU1NDQ.jpg",
  "tt5962210": "MV5BNzE3Mzc5NTc4M15BMl5BanBnXkFtZTgwMDYwNzM3MjI.jpg",
  "tt5968394": "MV5BMTgyNjU0NTAxOV5BMl5BanBnXkFtZTgwNTc4MDIzNjM.jpg",
  "tt5990474": "MV5BNTliZmExNmItZDJhZS00MjBjLThiMmEtZTJhZjNlMTMwYzk3XkEyXkFqcGdeQXVyMzI3NjY2ODc.jpg",
  "tt6018306": "MV5BMjI3MDAxNTg1OF5BMl5BanBnXkFtZTgwMzMzMDM1MzI.jpg",
  "tt6079702": "MV5BODE0MjY5NGItMTAyYS00ZjViLTg4MWYtNTk3OTdiYTBiZDY4XkEyXkFqcGdeQXVyNTM3MDMyMDQ.jpg",
  "tt6105098": "MV5BMjIwMjE1Nzc4NV5BMl5BanBnXkFtZTgwNDg4OTA1NzM.jpg",
  "tt6107548": "MV5BNjZmOTEwMGEtOWVmMy00Njg4LWI1OGEtMGYwN2VmYzJiYzAzXkEyXkFqcGdeQXVyODE1MjMyNzI.jpg",
  "tt6133130": "MV5BMTcyMTQzMDIwNl5BMl5BanBnXkFtZTgwMTY1NjgzMzI.jpg",
  "tt6133466": "MV5BYmVjMWJhMTYtMzUxMC00ODdhLTk3YzMtZDFhNGUyOGFhYTY0XkEyXkFqcGdeQXVyNDIzMzcwNjc.jpg",
  "tt6135348": "MV5BZWM2NTcxM2QtOTYxMC00OTllLWJhN2MtODBjNjA2Y2FjYmU1XkEyXkFqcGdeQXVyNzQzNzQxNzI.jpg",
  "tt6146586": "MV5BMDg2YzI0ODctYjliMy00NTU0LTkxODYtYTNkNjQwMzVmOTcxXkEyXkFqcGdeQXVyNjg2NjQwMDQ.jpg",
  "tt6189022": "MV5BYmRmMWZhZGItYzA4MC00ZDYyLWE0OTMtYmM0MWRiN2Q4NGU2XkEyXkFqcGdeQXVyMjMxOTE0ODA.jpg",
  "tt6211976": "MV5BMjMxNjhlOWQtZGU1MS00M2JiLWI4NDUtMDU0ZWU2ODkzMDk2XkEyXkFqcGdeQXVyODk0OTcwMTk.jpg",
  "tt6214928": "MV5BYTFmYmJkM2YtYzFjNS00NGI2LThiOWMtNGVhZDZiOGI0NDBhXkEyXkFqcGdeQXVyNjU1OTMzNDU.jpg",
  "tt6225520": "MV5BZDRjZWZlNjAtYjM1ZS00ZjAyLWE4MmEtNWVmNzZiNTYzOThjXkEyXkFqcGdeQXVyMTMxODk2OTU.jpg",
  "tt6257970": "MV5BN2ZhNmQ2MjQtMmQzMi00YjE5LTlkMWMtMjk5YzIxMjk2NDc2XkEyXkFqcGdeQXVyMTkxNjUyNQ.jpg",
  "tt6265828": "MV5BMzcyNTc1ODQzMF5BMl5BanBnXkFtZTgwNTgzMzY4MTI.jpg",
  "tt6292852": "MV5BMTkxMTczNTA4Nl5BMl5BanBnXkFtZTgwNDAyMzgwODM.jpg",
  "tt6294822": "MV5BMjQyMjEwOTIwNV5BMl5BanBnXkFtZTgwOTkzNTMxNDM.jpg",
  "tt6303866": "MV5BZmZiM2RmMWUtNjcyZi00ZDcxLWE3ZjktY2VlYTk3Y2I0NTZjXkEyXkFqcGdeQXVyMjU3NTI0Mg.jpg",
  "tt6304046": "MV5BMjk0NjI2MjM1NF5BMl5BanBnXkFtZTgwODc2NjU0MzI.jpg",
  "tt6304162": "MV5BYzgyY2Q5MTEtZDY5Ny00MjEyLWEzYTgtMzBhZWRjYTYzNDE0XkEyXkFqcGdeQXVyNjMwOTA1MDM.jpg",
  "tt6306064": "MV5BMTkxMTI2MjE4OF5BMl5BanBnXkFtZTgwMjIyODQzNTM.jpg",
  "tt6320628": "MV5BMGZlNTY1ZWUtYTMzNC00ZjUyLWE0MjQtMTMxN2E3ODYxMWVmXkEyXkFqcGdeQXVyMDM2NDM2MQ.jpg",
  "tt6333052": "MV5BNDgwODk5ODk4OV5BMl5BanBnXkFtZTgwNzA3MzU4MTI.jpg",
  "tt6343314": "MV5BMTcxMjUwNjQ5N15BMl5BanBnXkFtZTgwNjk4MzI4NjM.jpg",
  "tt6394270": "MV5BZjlhOWE3YjktY2MzOC00ZmQ1LWIwNjgtZmVhZmFjZGExMzgyXkEyXkFqcGdeQXVyMDA4NzMyOA.jpg",
  "tt6412452": "MV5BYjRkYTI3M2EtZWQ4Ny00OTA2LWFmMTMtY2E4MTEyZmNjOTMxXkEyXkFqcGdeQXVyNDg4NjY5OTQ.jpg",
  "tt6491178": "MV5BMjE1MTk5NDQ5Ml5BMl5BanBnXkFtZTgwODUxNzg0NzM.jpg",
  "tt6499752": "MV5BMjI0NzcyMjM5Ml5BMl5BanBnXkFtZTgwMzk2NzAyNTM.jpg",
  "tt6511932": "MV5BMTY3MDUzMTAzOV5BMl5BanBnXkFtZTgwNDk3ODQyNzM.jpg",
  "tt6513120": "MV5BNWM0NGUxMzUtMjRlZS00OWZlLTlkZDMtMzJhOWVmZDY2ODczXkEyXkFqcGdeQXVyOTQxNzM2MjY.jpg",
  "tt6565702": "MV5BMmZmYTgwZGItNDIxMS00MmRkLWEzODQtYTllNzM0ZWE1NmQ5XkEyXkFqcGdeQXVyODQzNTE3ODc.jpg",
  "tt6628394": "MV5BOTk1Nzk1MDc1MF5BMl5BanBnXkFtZTgwNjU2NDExNjM.jpg",
  "tt6644200": "MV5BMjI0MDMzNTQ0M15BMl5BanBnXkFtZTgwMTM5NzM3NDM.jpg",
  "tt6663582": "MV5BNDY1MTA0NjgyN15BMl5BanBnXkFtZTgwMTEzNDQ4NTM.jpg",
  "tt6679794": "MV5BMTc4MTU4YzEtODBiNC00NzA4LTg0NGItM2ZhZjZlNDFiNjJjXkEyXkFqcGdeQXVyMDM2NDM2MQ.jpg",
  "tt6728096": "MV5BMWY1Mzg4OTItN2I0Yi00OTlhLWI4NmUtOTU3OThiNmUxNGNlXkEyXkFqcGdeQXVyMTExNDQ2MTI.jpg",
  "tt6739094": "MV5BZTYyY2NlMzktZWE4Yi00ZjkxLWJjZGItNTgyMDU3YTc4MTlkXkEyXkFqcGdeQXVyMTMxODk2OTU.jpg",
  "tt6772950": "MV5BOGU2YTZmMjYtZDUwYi00NTc1LTlkMjAtM2ViZDkzOTlhNGNhXkEyXkFqcGdeQXVyMTMxODk2OTU.jpg",
  "tt6781982": "MV5BYzEyYzg5N2YtZmYzZC00OTg0LWE3ZmYtNDZhMGFkOTBjOTYxXkEyXkFqcGdeQXVyNDg2MjUxNjM.jpg",
  "tt6791096": "MV5BMGI3ZDRjZTQtMTMyYy00NGI4LWI2MjktNzMyMjg0NjQ2NTY0XkEyXkFqcGdeQXVyNTAyODkwOQ.jpg",
  "tt6806448": "MV5BOTIzYmUyMmEtMWQzNC00YzExLTk3MzYtZTUzYjMyMmRiYzIwXkEyXkFqcGdeQXVyMDM2NDM2MQ.jpg",
  "tt6811018": "MV5BZjk1ZDE0ZDMtYmIxOC00ZmIwLThiOWQtMDFmYjc5ZjQzYTNlXkEyXkFqcGdeQXVyNjIxMTQ4OTc.jpg",
  "tt6823368": "MV5BMTY1OTA2MjI5OV5BMl5BanBnXkFtZTgwNzkxMjU4NjM.jpg",
  "tt6857112": "MV5BZTliNWJhM2YtNDc1MC00YTk1LWE2MGYtZmE4M2Y5ODdlNzQzXkEyXkFqcGdeQXVyMzY0MTE3NzU.jpg",
  "tt6857166": "MV5BMTc0MDY2MDI3Ml5BMl5BanBnXkFtZTgwNjU2MzIyNTM.jpg",
  "tt6911608": "MV5BMjEwMTM3OTI1NV5BMl5BanBnXkFtZTgwNDk5NTY0NTM.jpg",
  "tt6998518": "MV5BMjk1MjhmZWQtNzU3OC00NDE4LThlODQtNTdhZGM4M2E3MWZkXkEyXkFqcGdeQXVyMTMxODk2OTU.jpg",
  "tt7040874": "MV5BZjFiMGNiNmItMzNiNi00Mjc1LTg1N2YtNWE2NTE5N2VlZTQ3XkEyXkFqcGdeQXVyMTMxODk2OTU.jpg",
  "tt7131622": "MV5BOTg4ZTNkZmUtMzNlZi00YmFjLTk1MmUtNWQwNTM0YjcyNTNkXkEyXkFqcGdeQXVyNjg2NjQwMDQ.jpg",
  "tt7137906": "MV5BZmJjM2YzOWEtOTYxYi00YjhkLTliMzgtMTA2MTc0NDQ1MDM4XkEyXkFqcGdeQXVyODY5OTk4MA.jpg",
  "tt7203552": "MV5BMmYzY2U1NGYtZjE4Mi00MjA2LWE4NDktZjNhMzEzNDIzYjQyXkEyXkFqcGdeQXVyNjU2ODM5MjU.jpg",
  "tt7297954": "MV5BN2I1NWM5NmUtYjZhZS00YTc3LTg1MTUtZWI1Mjg1YWI0NWIwXkEyXkFqcGdeQXVyNjIzNTQ4MjY.jpg",
  "tt7334528": "MV5BMTU2MzE0NzQ1Ml5BMl5BanBnXkFtZTgwNzIyNzczNTM.jpg",
  "tt7339248": "MV5BZDlkOGE4YTUtYWRlZS00YjFkLWE3NmUtNzNlNjdiZTk2NzdhXkEyXkFqcGdeQXVyNDY2MjcyOTQ.jpg",
  "tt7349662": "MV5BMjUyOTE1NjI0OF5BMl5BanBnXkFtZTgwMTM4ODQ5NTM.jpg",
  "tt7349950": "MV5BYTJlNjlkZTktNjEwOS00NzI5LTlkNDAtZmEwZDFmYmM2MjU2XkEyXkFqcGdeQXVyNjg2NjQwMDQ.jpg",
  "tt7374948": "MV5BMGM2NWFjYTctZjFiYy00YzIxLThhY2QtY2UxZTNmNjdjZTU0XkEyXkFqcGdeQXVyMTkxNjUyNQ.jpg",
  "tt7390588": "MV5BMjkxMDIyNTAtYjgwZC00YmIwLWFmZTEtZTIzOWZhZjNiZDQwXkEyXkFqcGdeQXVyODk4OTc3MTY.jpg",
  "tt7533152": "MV5BNjM2OTg5MTA0OV5BMl5BanBnXkFtZTgwNTMyNTY0NzM.jpg",
  "tt7569592": "MV5BNDJjYzk0ZTktNzQ1ZC00MmQ0LTk1NTYtNmMwMGE4NDM5ZjAyXkEyXkFqcGdeQXVyMTkxNjUyNQ.jpg",
  "tt7616148": "MV5BNjkwMDMwOTQtM2MwMS00NjVmLThlODgtZmYyZjBhMjgzYTM3XkEyXkFqcGdeQXVyODAzODU1NDQ.jpg",
  "tt7645122": "MV5BMGMxYjU3NGEtNjM4ZC00YjcyLThjNjktZjM1MWRlZGI3MmZlXkEyXkFqcGdeQXVyNjg3MDMxNzU.jpg",
  "tt7668870": "MV5BMjIwOTA3NDI3MF5BMl5BanBnXkFtZTgwNzIzMzA5NTM.jpg",
  "tt7671064": "MV5BNDRlNTJmNGEtNWM0YS00OWI3LWFkNjUtMzg5MTJjODcyZGU3XkEyXkFqcGdeQXVyODk4OTc3MTY.jpg",
  "tt7767422": "MV5BOTE0MjQ1NDU3OV5BMl5BanBnXkFtZTgwNTI4MTgwNzM.jpg",
  "tt7772580": "MV5BMTA3NzkzMDUxODBeQTJeQWpwZ15BbWU4MDM0ODc5ODcz.jpg",
  "tt7784604": "MV5BOTU5MDg3OGItZWQ1Ny00ZGVmLTg2YTUtMzBkYzQ1YWIwZjlhXkEyXkFqcGdeQXVyNTAzMTY4MDA.jpg",
  "tt7843600": "MV5BMTA1NzQ5MjAxMDZeQTJeQWpwZ15BbWU4MDc4MjM4MTcz.jpg",
  "tt7909970": "MV5BN2Q3OWQ1Y2UtN2E3OS00ODA2LWE1Y2EtYmY5OWMzNWYzMDZmXkEyXkFqcGdeQXVyMzY0MTE3NzU.jpg",
  "tt7975244": "MV5BOTVjMmFiMDUtOWQ4My00YzhmLWE3MzEtODM1NDFjMWEwZTRkXkEyXkFqcGdeQXVyMTkxNjUyNQ.jpg",
  "tt7984734": "MV5BZmE0MGJhNmYtOWNjYi00Njc5LWE2YjEtMWMxZTVmODUwMmMxXkEyXkFqcGdeQXVyMTkxNjUyNQ.jpg",
  "tt7984766": "MV5BMWZkNzNlMzMtMjM5ZS00MWYzLWFmMmUtMjE1ODM3NjBlODA5XkEyXkFqcGdeQXVyMTMxODk2OTU.jpg",
  "tt8041276": "MV5BMjAyZDUxODQtZjBhMy00NmQ5LTg5MmMtNGUxZjhkODk1NjdiXkEyXkFqcGdeQXVyNjg2NjQwMDQ.jpg",
  "tt8096832": "MV5BM2U3ZDBkYWUtNDY3Ny00OTliLTgxNTAtY2QwZTQxMmEwOTQ1XkEyXkFqcGdeQXVyMTkxNjUyNQ.jpg",
  "tt8128188": "MV5BMTk1NDI2MzEyNF5BMl5BanBnXkFtZTgwODk3ODQyNzM.jpg",
  "tt8151874": "MV5BZWQ5YThjZjAtNWM3ZC00MDJjLWIzNDktY2Y2Y2FmMTFiNWJmXkEyXkFqcGdeQXVyMTA2MDQ3MTQ3.jpg",
  "tt8155288": "MV5BMTg0NzkwMzQyMV5BMl5BanBnXkFtZTgwNDcxMTMyNzM.jpg",
  "tt8526872": "MV5BMzFiYWQxYzgtOThmYi00ZmIwLWFlZWMtMzk2NTI2YTYzMjkyXkEyXkFqcGdeQXVyMTkxNjUyNQ.jpg",
  "tt8637428": "MV5BMWE3MjViNWUtY2VjYS00ZDBjLTllMzYtN2FkY2QwYmRiMDhjXkEyXkFqcGdeQXVyODQzNTE3ODc.jpg",
  "tt8682948": "MV5BZDVkYzAwMDUtZmRlMC00ZGE4LWFkNDktYjE0YjcxYzgxOTU5XkEyXkFqcGdeQXVyMzY0MTE3NzU.jpg",
  "tt8743064": "MV5BYzU3ODc1NzAtZWIwYy00YTdjLWEwZDItY2Y1ZGIyMmY0Yzc4XkEyXkFqcGdeQXVyMjIxNjgxNTA.jpg",
  "tt8772262": "MV5BMzQxNzQzOTQwM15BMl5BanBnXkFtZTgwMDQ2NTcwODM.jpg",
  "tt8883524": "MV5BODE0YjJlOTItOWYxYi00NTI4LTg5YTgtYjZhOTFkMzUwNGRkXkEyXkFqcGdeQXVyMzQwMTY2Nzk.jpg",
  "tt8946378": "MV5BMGUwZjliMTAtNzAxZi00MWNiLWE2NzgtZGUxMGQxZjhhNDRiXkEyXkFqcGdeQXVyNjU1NzU3MzE.jpg",
  "tt9243946": "MV5BNjk4MzVlM2UtZGM0ZC00M2M1LThkMWEtZjUyN2U2ZTc0NmM5XkEyXkFqcGdeQXVyOTAzMTc2MjA.jpg",
  "tt9412098": "MV5BMjQ2NzE1MjYxMV5BMl5BanBnXkFtZTgwMjM3MDQxNzM.jpg",
  "tt9561862": "MV5BMTc1MjIyNDI3Nl5BMl5BanBnXkFtZTgwMjQ1OTI0NzM.jpg",
  "tt9664078": "MV5BMDk1Y2UyMTgtNGQyYi00OGViLWFlODUtMDY3ZmYwYmQ4MWVkXkEyXkFqcGdeQXVyMTkxNjUyNQ.jpg"
}