{
  "tt0012349": "https://m.media-amazon.com/images/M/MV5BZjhhMThhNDItNTY2MC00MmU1LTliNDEtNDdhZjdlNTY5ZDQ1XkEyXkFqcGdeQXVyNjc1NTYyMjg@._V1_SX300.jpg",
  "tt0015324": "https://m.media-amazon.com/images/M/MV5BZWFhOGU5NDctY2Q3YS00Y2VlLWI1NzEtZmIwY2ZiZjY4OTA2XkEyXkFqcGdeQXVyMDI2NDg0NQ@@._V1_SX300.jpg",
  "tt0015864": "https://m.media-amazon.com/images/M/MV5BZjEyOTE4MzMtNmMzMy00Mzc3LWJlOTQtOGJiNDE0ZmJiOTU4L2ltYWdlXkEyXkFqcGdeQXVyNTAyODkwOQ@@._V1_SX300.jpg",
  "tt0017136": "https://m.media-amazon.com/images/M/MV5BMTg5YWIyMWUtZDY5My00Zjc1LTljOTctYmI0MWRmY2M2NmRkXkEyXkFqcGdeQXVyMTMxODk2OTU@._V1_SX300.jpg",
  "tt0017925": "https://m.media-amazon.com/images/M/MV5BYmRiMDFlYjYtOTMwYy00OGY2LWE0Y2QtYzQxOGNhZmUwNTIxXkEyXkFqcGdeQXVyNzkwMjQ5NzM@._V1_SX300.jpg",
  "tt0019254": "https://m.media-amazon.com/images/M/MV5BNjBjNDJiYTUtOWY0OS00OGVmLTg2YzctMTE0NzVhODM1ZWJmXkEyXkFqcGdeQXVyNjU0OTQ0OTY@._V1_SX300.jpg",
  "tt0021749": "https://m.media-amazon.com/images/M/MV5BY2I4MmM1N2EtM2YzOS00OWUzLTkzYzctNDc5NDg2N2IyODJmXkEyXkFqcGdeQXVyNzkwMjQ5NzM@._V1_SX300.jpg",
  "tt0022100": "https://m.media-amazon.com/images/M/MV5BODA4ODk3OTEzMF5BMl5BanBnXkFtZTgwMTQ2ODMwMzE@._V1_SX300.jpg",
  "tt0025316": "https://m.media-amazon.com/images/M/MV5BZmViYmM5OTYtNGQ4Ny00YjQyLThiNjEtYTE4MGZhZTNmZjcyL2ltYWdlL2ltYWdlXkEyXkFqcGdeQXVyNjU0OTQ0OTY@._V1_SX300.jpg",
  "tt0027977": "https://m.media-amazon.com/images/M/MV5BYjJiZjMzYzktNjU0NS00OTkxLWEwYzItYzdhYWJjN2QzMTRlL2ltYWdlL2ltYWdlXkEyXkFqcGdeQXVyNjU0OTQ0OTY@._V1_SX300.jpg",
  "tt0031381": "https://m.media-amazon.com/images/M/MV5BYjUyZWZkM2UtMzYxYy00ZmQ3LWFmZTQtOGE2YjBkNjA3YWZlXkEyXkFqcGdeQXVyNzkwMjQ5NzM@._V1_SX300.jpg",
  "tt0031679": "https://m.media-amazon.com/images/M/MV5BZTYwYjYxYzgtMDE1Ni00NzU4LWJlMTEtODQ5YmJmMGJhZjI5L2ltYWdlXkEyXkFqcGdeQXVyMDI2NDg0NQ@@._V1_SX300.jpg",
  "tt0032553": "https://m.media-amazon.com/images/M/MV5BMmExYWJjNTktNGUyZS00ODhmLTkxYzAtNWIzOGEyMGNiMmUwXkEyXkFqcGdeQXVyNjU0OTQ0OTY@._V1_SX300.jpg",
  "tt0032976": "https://m.media-amazon.com/images/M/MV5BZmEwYTRhYmMtODA0NS00NmMyLThjMTctMTVmZmNlMzg2YjEyXkEyXkFqcGdeQXVyMTMxMTY0OTQ@._V1_SX300.jpg",
  "tt0033467": "https://m.media-amazon.com/images/M/MV5BYjBiOTYxZWItMzdiZi00NjlkLWIzZTYtYmFhZjhiMTljOTdkXkEyXkFqcGdeQXVyNzkwMjQ5NzM@._V1_SX300.jpg",
  "tt0034583": "https://m.media-amazon.com/images/M/MV5BY2IzZGY2YmEtYzljNS00NTM5LTgwMzUtMzM1NjQ4NGI0OTk0XkEyXkFqcGdeQXVyNDYyMDk5MTU@._V1_SX300.jpg",
  "tt0036775": "https://m.media-amazon.com/images/M/MV5BOTdlNjgyZGUtOTczYi00MDdhLTljZmMtYTEwZmRiOWFkYjRhXkEyXkFqcGdeQXVyNDY2MTk1ODk@._V1_SX300.jpg",
  "tt0038650": "https://m.media-amazon.com/images/M/MV5BZjc4NDZhZWMtNGEzYS00ZWU2LThlM2ItNTA0YzQ0OTExMTE2XkEyXkFqcGdeQXVyNjUwMzI2NzU@._V1_SX300.jpg",
  "tt0040522": "https://m.media-amazon.com/images/M/MV5BNmI1ODdjODctMDlmMC00ZWViLWI5MzYtYzRhNDdjYmM3MzFjXkEyXkFqcGdeQXVyMTMxODk2OTU@._V1_SX300.jpg",
  "tt0040725": "https://m.media-amazon.com/images/M/MV5BOWRmNGEwZjUtZjEwNS00OGZmLThhMmEtZTJlMTU5MGQ3ZWUwXkEyXkFqcGdeQXVyNjc1NTYyMjg@._V1_SX300.jpg",
  "tt0040897": "https://m.media-amazon.com/images/M/MV5BOTJlZWMxYzEtMjlkMS00ODE0LThlM2ItMDI3NGQ2YjhmMzkxXkEyXkFqcGdeQXVyMDI2NDg0NQ@@._V1_SX300.jpg",
  "tt0041959": "https://m.media-amazon.com/images/M/MV5BYjE2OTdhMWUtOGJlMy00ZDViLWIzZjgtYjZkZGZmMDZjYmEyXkEyXkFqcGdeQXVyNzkwMjQ5NzM@._V1_SX300.jpg",
  "tt0042041": "https://m.media-amazon.com/images/M/MV5BZmI5NTA3MjItYzdhMi00MWMxLTg3OWMtYWQyYjg5MTFmM2U0L2ltYWdlL2ltYWdlXkEyXkFqcGdeQXVyNjc1NTYyMjg@._V1_SX300.jpg",
  "tt0042192": "https://m.media-amazon.com/images/M/MV5BMTY2MTAzODI5NV5BMl5BanBnXkFtZTgwMjM4NzQ0MjE@._V1_SX300.jpg",
  "tt0042876": "https://m.media-amazon.com/images/M/MV5BMTk1MDU5MjQ5NF5BMl5BanBnXkFtZTgwMDM2OTE4MzE@._V1_SX300.jpg",
  "tt0044741": "https://m.media-amazon.com/images/M/MV5BZmM0NGY3Y2MtMTA1YS00YmQzLTk2YTctYWFhMDkzMDRjZWQzXkEyXkFqcGdeQXVyNTA4NzY1MzY@._V1_SX300.jpg",
  "tt0043338": "https://m.media-amazon.com/images/M/MV5BNDUzZjlhZTYtN2E5MS00ODQ3LWI1ZjgtNzdiZmI0NTZiZTljXkEyXkFqcGdeQXVyMjI4MjA5MzA@._V1_SX300.jpg",
  "tt0045152": "https://m.media-amazon.com/images/M/MV5BMWUyNjQ5MTAtNDJhYS00MWQ0LTk2ZTAtZmE4MWNlMjMwMzg3XkEyXkFqcGdeQXVyNTA4NzY1MzY@._V1_SX300.jpg",
  "tt0043014": "https://m.media-amazon.com/images/M/MV5BMTU0NTkyNzYwMF5BMl5BanBnXkFtZTgwMDU0NDk5MTI@._V1_SX300.jpg",
  "tt0046268": "https://m.media-amazon.com/images/M/MV5BZDdkNzMwZmUtY2Q5MS00ZmM2LWJhYjItYTBjMWY0MGM4MDRjXkEyXkFqcGdeQXVyNTA4NzY1MzY@._V1_SX300.jpg",
  "tt0046438": "https://m.media-amazon.com/images/M/MV5BYWQ4ZTRiODktNjAzZC00Nzg1LTk1YWQtNDFmNDI0NmZiNGIwXkEyXkFqcGdeQXVyNzkwMjQ5NzM@._V1_SX300.jpg",
  "tt0046912": "https://m.media-amazon.com/images/M/MV5BOWIwODIxYWItZDI4MS00YzhhLWE3MmYtMzlhZDIwOTMzZmE5L2ltYWdlXkEyXkFqcGdeQXVyNjc1NTYyMjg@._V1_SX300.jpg",
  "tt0047296": "https://m.media-amazon.com/images/M/MV5BY2I0MWFiZDMtNWQyYy00Njk5LTk3MDktZjZjNTNmZmVkYjkxXkEyXkFqcGdeQXVyNjc1NTYyMjg@._V1_SX300.jpg",
  "tt0047396": "https://m.media-amazon.com/images/M/MV5BNGUxYWM3M2MtMGM3Mi00ZmRiLWE0NGQtZjE5ODI2OTJhNTU0XkEyXkFqcGdeQXVyMTQxNzMzNDI@._V1_SX300.jpg",
  "tt0047478": "https://m.media-amazon.com/images/M/MV5BODdlYjU1Y2MtMWUxMy00YjJjLTgyMWItNzgzZmZkNTYxNWFkXkEyXkFqcGdeQXVyMTAwMjU1MzA2._V1_SX300.jpg",
  "tt0050825": "https://m.media-amazon.com/images/M/MV5BNjViMmRkOTEtM2ViOS00ODg0LWJhYWEtNTBlOGQxNDczOGY3XkEyXkFqcGdeQXVyMDI2NDg0NQ@@._V1_SX300.jpg",
  "tt0050976": "https://m.media-amazon.com/images/M/MV5BM2I1ZWU4YjMtYzU0My00YmMzLWFmNTAtZDJhZGYwMmI3YWQ5XkEyXkFqcGdeQXVyNjU0OTQ0OTY@._V1_SX300.jpg",
  "tt0050083": "https://m.media-amazon.com/images/M/MV5BMWU4N2FjNzYtNTVkNC00NzQ0LTg0MjAtYTJlMjFhNGUxZDFmXkEyXkFqcGdeQXVyNjc1NTYyMjg@._V1_SX300.jpg",
  "tt0050212": "https://m.media-amazon.com/images/M/MV5BMGVhNjhjODktODgxYS00MDdhLTlkZjktYTkyNzQxMTU0ZDYxXkEyXkFqcGdeQXVyNzkwMjQ5NzM@._V1_SX300.jpg",
  "tt0050986": "https://m.media-amazon.com/images/M/MV5BM2NiYjhmMzctMzliMC00NDBlLWJkYzItZjIwYjYzNDg3OGQzXkEyXkFqcGdeQXVyMzAxNjg3MjQ@._V1_SX300.jpg",
  "tt0051201": "https://m.media-amazon.com/images/M/MV5BZjEwMmE5MzYtYWExYy00ZjEzLTk4MjUtMmJmNzgxY2MxN2U1XkEyXkFqcGdeQXVyMTg2NTc4MzA@._V1_SX300.jpg",
  "tt0052357": "https://m.media-amazon.com/images/M/MV5BYTE4ODEwZDUtNDFjOC00NjAxLWEzYTQtYTI1NGVmZmFlNjdiL2ltYWdlL2ltYWdlXkEyXkFqcGdeQXVyNjc1NTYyMjg@._V1_SX300.jpg",
  "tt0052618": "https://m.media-amazon.com/images/M/MV5BNjgxY2JiZDYtZmMwOC00ZmJjLWJmODUtMTNmNWNmYWI5ODkwL2ltYWdlL2ltYWdlXkEyXkFqcGdeQXVyNjc1NTYyMjg@._V1_SX300.jpg",
  "tt0053125": "https://m.media-amazon.com/images/M/MV5BZDA3NDExMTUtMDlhOC00MmQ5LWExZGUtYmI1NGVlZWI4OWNiXkEyXkFqcGdeQXVyNjc1NTYyMjg@._V1_SX300.jpg",
  "tt0053198": "https://m.media-amazon.com/images/M/MV5BYTQ4MjA4NmYtYjRhNi00MTEwLTg0NjgtNjk3ODJlZGU4NjRkL2ltYWdlL2ltYWdlXkEyXkFqcGdeQXVyNjU0OTQ0OTY@._V1_SX300.jpg",
  "tt0053291": "https://m.media-amazon.com/images/M/MV5BNzAyOGIxYjAtMGY2NC00ZTgyLWIwMWEtYzY0OWQ4NDFjOTc5XkEyXkFqcGdeQXVyNjU0OTQ0OTY@._V1_SX300.jpg",
  "tt0053604": "https://m.media-amazon.com/images/M/MV5BNzkwODFjNzItMmMwNi00MTU5LWE2MzktM2M4ZDczZGM1MmViXkEyXkFqcGdeQXVyNDY2MTk1ODk@._V1_SX300.jpg",
  "tt0054215": "https://m.media-amazon.com/images/M/MV5BNTQwNDM1YzItNDAxZC00NWY2LTk0M2UtNDIwNWI5OGUyNWUxXkEyXkFqcGdeQXVyNzkwMjQ5NzM@._V1_SX300.jpg",
  "tt0055031": "https://m.media-amazon.com/images/M/MV5BZDZjMTIwZTQtNTM3OS00OTUyLWI5MTMtOTNjYWVkNzhjMWIxXkEyXkFqcGdeQXVyNTc1NTQxODI@._V1_SX300.jpg",
  "tt0056172": "https://m.media-amazon.com/images/M/MV5BYWY5ZjhjNGYtZmI2Ny00ODM0LWFkNzgtZmI1YzA2N2MxMzA0XkEyXkFqcGdeQXVyNjUwNzk3NDc@._V1_SX300.jpg",
  "tt0056058": "https://m.media-amazon.com/images/M/MV5BYjBmYTQ1NjItZWU5MS00YjI0LTg2OTYtYmFkN2JkMmNiNWVkXkEyXkFqcGdeQXVyMTMxMTY0OTQ@._V1_SX300.jpg",
  "tt0056592": "https://m.media-amazon.com/images/M/MV5BNmVmYzcwNzMtMWM1NS00MWIyLThlMDEtYzUwZDgzODE1NmE2XkEyXkFqcGdeQXVyNzkwMjQ5NzM@._V1_SX300.jpg",
  "tt0057012": "https://m.media-amazon.com/images/M/MV5BZWI3ZTMxNjctMjdlNS00NmUwLWFiM2YtZDUyY2I3N2MxYTE0XkEyXkFqcGdeQXVyNzkwMjQ5NzM@._V1_SX300.jpg",
  "tt0055630": "https://m.media-amazon.com/images/M/MV5BZThiZjAzZjgtNDU3MC00YThhLThjYWUtZGRkYjc2ZWZlOTVjXkEyXkFqcGdeQXVyNTA4NzY1MzY@._V1_SX300.jpg",
  "tt0057565": "https://m.media-amazon.com/images/M/MV5BZGQ1NWZlYjctNDJmOS00MmU2LTg1ODItNmZiM2ZkNzJhNDI0XkEyXkFqcGdeQXVyNjc1NTYyMjg@._V1_SX300.jpg",
  "tt0057115": "https://m.media-amazon.com/images/M/MV5BNzA2NmYxMWUtNzBlMC00MWM2LTkwNmQtYTFlZjQwODNhOWE0XkEyXkFqcGdeQXVyNTIzOTk5ODM@._V1_SX300.jpg",
  "tt0059578": "https://m.media-amazon.com/images/M/MV5BOWYxYWIwNDgtN2M1Ni00YmU1LTkyMWQtYTIzMTEzM2QxNWI2XkEyXkFqcGdeQXVyNjU0OTQ0OTY@._V1_SX300.jpg",
  "tt0060827": "https://m.media-amazon.com/images/M/MV5BYzI1ZjUwYmEtNWNmNS00NjgyLTlhNmUtNjA2YmFhYmIyMzVkXkEyXkFqcGdeQXVyMTA2ODMzMDU@._V1_SX300.jpg",
  "tt0060107": "https://m.media-amazon.com/images/M/MV5BMjhkN2Q3MzctNzJiOC00OTc5LWIwOWYtNWRiYWUyMDk0MGZiXkEyXkFqcGdeQXVyNTAyODkwOQ@@._V1_SX300.jpg",
  "tt0060196": "https://m.media-amazon.com/images/M/MV5BOTQ5NDI3MTI4MF5BMl5BanBnXkFtZTgwNDQ4ODE5MDE@._V1_SX300.jpg",
  "tt0061512": "https://m.media-amazon.com/images/M/MV5BOWFlNzZhYmYtYTI5YS00MDQyLWIyNTUtNTRjMWUwNTEzNjA0XkEyXkFqcGdeQXVyNjUwNzk3NDc@._V1_SX300.jpg",
  "tt0062622": "https://m.media-amazon.com/images/M/MV5BMmNlYzRiNDctZWNhMi00MzI4LThkZTctMTUzMmZkMmFmNThmXkEyXkFqcGdeQXVyNzkwMjQ5NzM@._V1_SX300.jpg",
  "tt0064116": "https://m.media-amazon.com/images/M/MV5BZGI5MjBmYzYtMzJhZi00NGI1LTk3MzItYjBjMzcxM2U3MDdiXkEyXkFqcGdeQXVyNzkwMjQ5NzM@._V1_SX300.jpg",
  "tt0066921": "https://m.media-amazon.com/images/M/MV5BMTY3MjM1Mzc4N15BMl5BanBnXkFtZTgwODM0NzAxMDE@._V1_SX300.jpg",
  "tt0068646": "https://m.media-amazon.com/images/M/MV5BM2MyNjYxNmUtYTAwNi00MTYxLWJmNWYtYzZlODY3ZTk3OTFlXkEyXkFqcGdeQXVyNzkwMjQ5NzM@._V1_SX300.jpg",
  "tt0064115": "https://m.media-amazon.com/images/M/MV5BMTkyMTM2NDk5Nl5BMl5BanBnXkFtZTgwNzY1NzEyMDE@._V1_SX300.jpg",
  "tt0070735": "https://m.media-amazon.com/images/M/MV5BNGU3NjQ4YTMtZGJjOS00YTQ3LThmNmItMTI5MDE2ODI3NzY3XkEyXkFqcGdeQXVyMjUzOTY1NTc@._V1_SX300.jpg",
  "tt0071315": "https://m.media-amazon.com/images/M/MV5BOGMwYmY5ZmEtMzY1Yi00OWJiLTk1Y2MtMzI2MjBhYmZkNTQ0XkEyXkFqcGdeQXVyNzkwMjQ5NzM@._V1_SX300.jpg",
  "tt0071562": "https://m.media-amazon.com/images/M/MV5BMWMwMGQzZTItY2JlNC00OWZiLWIyMDctNDk2ZDQ2YjRjMWQ0XkEyXkFqcGdeQXVyNzkwMjQ5NzM@._V1_SX300.jpg",
  "tt0073486": "https://m.media-amazon.com/images/M/MV5BZjA0OWVhOTAtYWQxNi00YzNhLWI4ZjYtNjFjZTEyYjJlNDVlL2ltYWdlL2ltYWdlXkEyXkFqcGdeQXVyMTQxNzMzNDI@._V1_SX300.jpg",
  "tt0075148": "https://m.media-amazon.com/images/M/MV5BMTY5MDMzODUyOF5BMl5BanBnXkFtZTcwMTQ3NTMyNA@@._V1_SX300.jpg",
  "tt0074958": "https://m.media-amazon.com/images/M/MV5BNmFiOWY3ZTktOTYwNy00ZTUzLTk0ODQtNzIxMzQ0ZDFjMTgyXkEyXkFqcGdeQXVyNTc1NTQxODI@._V1_SX300.jpg",
  "tt0071853": "https://m.media-amazon.com/images/M/MV5BN2IyNTE4YzUtZWU0Mi00MGIwLTgyMmQtMzQ4YzQxYWNlYWE2XkEyXkFqcGdeQXVyNjU0OTQ0OTY@._V1_SX300.jpg",
  "tt0075314": "https://m.media-amazon.com/images/M/MV5BM2M1MmVhNDgtNmI0YS00ZDNmLTkyNjctNTJiYTQ2N2NmYzc2XkEyXkFqcGdeQXVyNzkwMjQ5NzM@._V1_SX300.jpg",
  "tt0072684": "https://m.media-amazon.com/images/M/MV5BNmY0MWY2NDctZDdmMi00MjA1LTk0ZTQtZDMyZTQ1NTNlYzVjXkEyXkFqcGdeQXVyMjUzOTY1NTc@._V1_SX300.jpg",
  "tt0077416": "https://m.media-amazon.com/images/M/MV5BNDhmNTA0ZDMtYjhkNS00NzEzLWIzYTItOGNkMTVmYjE2YmI3XkEyXkFqcGdeQXVyNzkwMjQ5NzM@._V1_SX300.jpg",
  "tt0076759": "https://m.media-amazon.com/images/M/MV5BNzVlY2MwMjktM2E4OS00Y2Y3LWE3ZjctYzhkZGM3YzA1ZWM2XkEyXkFqcGdeQXVyNzkwMjQ5NzM@._V1_SX300.jpg",
  "tt0079470": "https://m.media-amazon.com/images/M/MV5BMzAwNjU1OTktYjY3Mi00NDY5LWFlZWUtZjhjNGE0OTkwZDkwXkEyXkFqcGdeQXVyMTQxNzMzNDI@._V1_SX300.jpg",
  "tt0078788": "https://m.media-amazon.com/images/M/MV5BMDdhODg0MjYtYzBiOS00ZmI5LWEwZGYtZDEyNDU4MmQyNzFkXkEyXkFqcGdeQXVyNzkwMjQ5NzM@._V1_SX300.jpg",
  "tt0079944": "https://m.media-amazon.com/images/M/MV5BMDgwODNmMGItMDcwYi00OWZjLTgyZjAtMGYwMmI4N2Q0NmJmXkEyXkFqcGdeQXVyNzY1MTU0Njk@._V1_SX300.jpg",
  "tt0078748": "https://m.media-amazon.com/images/M/MV5BMmQ2MmU3NzktZjAxOC00ZDZhLTk4YzEtMDMyMzcxY2IwMDAyXkEyXkFqcGdeQXVyNzkwMjQ5NzM@._V1_SX300.jpg",
  "tt0080678": "https://m.media-amazon.com/images/M/MV5BMDVjNjIwOGItNDE3Ny00OThjLWE0NzQtZTU3YjMzZTZjMzhkXkEyXkFqcGdeQXVyMTQxNzMzNDI@._V1_SX300.jpg",
  "tt0081398": "https://m.media-amazon.com/images/M/MV5BYjRmODkzNDItMTNhNi00YjJlLTg0ZjAtODlhZTM0YzgzYThlXkEyXkFqcGdeQXVyNzQ1ODk3MTQ@._V1_SX300.jpg",
  "tt0080684": "https://m.media-amazon.com/images/M/MV5BYmU1NDRjNDgtMzhiMi00NjZmLTg5NGItZDNiZjU5NTU4OTE0XkEyXkFqcGdeQXVyNzkwMjQ5NzM@._V1_SX300.jpg",
  "tt0081505": "https://m.media-amazon.com/images/M/MV5BZWFlYmY2MGEtZjVkYS00YzU4LTg0YjQtYzY1ZGE3NTA5NGQxXkEyXkFqcGdeQXVyMTQxNzMzNDI@._V1_SX300.jpg",
  "tt0082096": "https://m.media-amazon.com/images/M/MV5BNGRmOWY0MGUtNTVhMy00NzRlLTljNDAtNTBiNTRlODgxNmY2XkEyXkFqcGdeQXVyNjc1NTYyMjg@._V1_SX300.jpg",
  "tt0083658": "https://m.media-amazon.com/images/M/MV5BNzQzMzJhZTEtOWM4NS00MTdhLTg0YjgtMjM4MDRkZjUwZDBlXkEyXkFqcGdeQXVyNjU0OTQ0OTY@._V1_SX300.jpg",
  "tt0082971": "https://m.media-amazon.com/images/M/MV5BMjA0ODEzMTc1Nl5BMl5BanBnXkFtZTcwODM2MjAxNA@@._V1_SX300.jpg",
  "tt0084787": "https://m.media-amazon.com/images/M/MV5BNDcyZmFjY2YtN2I1OC00MzU3LWIzZGEtZDA5N2VlNDJjYWI3L2ltYWdlXkEyXkFqcGdeQXVyNTAyODkwOQ@@._V1_SX300.jpg",
  "tt0087843": "https://m.media-amazon.com/images/M/MV5BMGFkNWI4MTMtNGQ0OC00MWVmLTk3MTktOGYxN2Y2YWVkZWE2XkEyXkFqcGdeQXVyNjU0OTQ0OTY@._V1_SX300.jpg",
  "tt0086879": "https://m.media-amazon.com/images/M/MV5BNWJlNzUzNGMtYTAwMS00ZjI2LWFmNWQtODcxNWUxODA5YmU1XkEyXkFqcGdeQXVyNTIzOTk5ODM@._V1_SX300.jpg",
  "tt0086190": "https://m.media-amazon.com/images/M/MV5BOWZlMjFiYzgtMTUzNC00Y2IzLTk1NTMtZmNhMTczNTk0ODk1XkEyXkFqcGdeQXVyNTAyODkwOQ@@._V1_SX300.jpg",
  "tt0088247": "https://m.media-amazon.com/images/M/MV5BYTViNzMxZjEtZGEwNy00MDNiLWIzNGQtZDY2MjQ1OWViZjFmXkEyXkFqcGdeQXVyNzkwMjQ5NzM@._V1_SX300.jpg",
  "tt0086250": "https://m.media-amazon.com/images/M/MV5BNjdjNGQ4NDEtNTEwYS00MTgxLTliYzQtYzE2ZDRiZjFhZmNlXkEyXkFqcGdeQXVyNjU0OTQ0OTY@._V1_SX300.jpg",
  "tt0089881": "https://m.media-amazon.com/images/M/MV5BZDBjZTM4ZmEtOTA5ZC00NTQzLTkyNzYtMmUxNGU2YjI5YjU5L2ltYWdlXkEyXkFqcGdeQXVyNTAyODkwOQ@@._V1_SX300.jpg",
  "tt0087884": "https://m.media-amazon.com/images/M/MV5BM2RjMmU3ZWItYzBlMy00ZmJkLWE5YzgtNTVkODdhOWM3NGZhXkEyXkFqcGdeQXVyNDA5Mjg5MjA@._V1_SX300.jpg",
  "tt0090605": "https://m.media-amazon.com/images/M/MV5BZGU2OGY5ZTYtMWNhYy00NjZiLWI0NjUtZmNhY2JhNDRmODU3XkEyXkFqcGdeQXVyNzkwMjQ5NzM@._V1_SX300.jpg",
  "tt0088763": "https://m.media-amazon.com/images/M/MV5BZmU0M2Y1OGUtZjIxNi00ZjBkLTg1MjgtOWIyNThiZWIwYjRiXkEyXkFqcGdeQXVyMTQxNzMzNDI@._V1_SX300.jpg",
  "tt0087544": "https://m.media-amazon.com/images/M/MV5BODJiNmUzYmQtZTNhNS00NjY0LThmYjMtOTliOTM1NTdkYzY1XkEyXkFqcGdeQXVyNjU0OTQ0OTY@._V1_SX300.jpg",
  "tt0091251": "https://m.media-amazon.com/images/M/MV5BODM4Njg0NTAtYjI5Ny00ZjAxLTkwNmItZTMxMWU5M2U3M2RjXkEyXkFqcGdeQXVyNzkwMjQ5NzM@._V1_SX300.jpg",
  "tt0092005": "https://m.media-amazon.com/images/M/MV5BODJmY2Y2OGQtMDg2My00N2Q3LWJmZTUtYTc2ODBjZDVlNDlhXkEyXkFqcGdeQXVyMTQxNzMzNDI@._V1_SX300.jpg",
  "tt0091763": "https://m.media-amazon.com/images/M/MV5BM2Y1NTQyNWYtNDViNy00ZWRhLTk3MTMtOTI3ZGQ5MDFiNWM4XkEyXkFqcGdeQXVyNzkwMjQ5NzM@._V1_SX300.jpg",
  "tt0092067": "https://m.media-amazon.com/images/M/MV5BNTg0NmI1ZGQtZTUxNC00NTgxLThjMDUtZmRlYmEzM2MwOWYwXkEyXkFqcGdeQXVyMzM4MjM0Nzg@._V1_SX300.jpg",
  "tt0093058": "https://m.media-amazon.com/images/M/MV5BNzkxODk0NjEtYjc4Mi00ZDI0LTgyYjEtYzc1NDkxY2YzYTgyXkEyXkFqcGdeQXVyNzkwMjQ5NzM@._V1_SX300.jpg",
  "tt0095016": "https://m.media-amazon.com/images/M/MV5BZjRlNDUxZjAtOGQ4OC00OTNlLTgxNmQtYTBmMDgwZmNmNjkxXkEyXkFqcGdeQXVyNzkwMjQ5NzM@._V1_SX300.jpg",
  "tt0094625": "https://m.media-amazon.com/images/M/MV5BM2ZiZTk1ODgtMTZkNS00NTYxLWIxZTUtNWExZGYwZTRjODViXkEyXkFqcGdeQXVyMTE2MzA3MDM@._V1_SX300.jpg",
  "tt0093779": "https://m.media-amazon.com/images/M/MV5BMGM4M2Q5N2MtNThkZS00NTc1LTk1NTItNWEyZjJjNDRmNDk5XkEyXkFqcGdeQXVyMjA0MDQ0Mjc@._V1_SX300.jpg",
  "tt0095327": "https://m.media-amazon.com/images/M/MV5BZmY2NjUzNDQtNTgxNC00M2Q4LTljOWQtMjNjNDBjNWUxNmJlXkEyXkFqcGdeQXVyNTA4NzY1MzY@._V1_SX300.jpg",
  "tt0095765": "https://m.media-amazon.com/images/M/MV5BM2FhYjEyYmYtMDI1Yy00YTdlLWI2NWQtYmEzNzAxOGY1NjY2XkEyXkFqcGdeQXVyNTA3NTIyNDg@._V1_SX300.jpg",
  "tt0096283": "https://m.media-amazon.com/images/M/MV5BNTdiOTQ0YmUtOGE3YS00NDg5LWI3YTEtNDAxZmE0MzRmZWM5L2ltYWdlXkEyXkFqcGdeQXVyNTAyODkwOQ@@._V1_SX300.jpg",
  "tt0097576": "https://m.media-amazon.com/images/M/MV5BMjNkMzc2N2QtNjVlNS00ZTk5LTg0MTgtODY2MDAwNTMwZjBjXkEyXkFqcGdeQXVyNDk3NzU2MTQ@._V1_SX300.jpg",
  "tt0097165": "https://m.media-amazon.com/images/M/MV5BOGYwYWNjMzgtNGU4ZC00NWQ2LWEwZjUtMzE1Zjc3NjY3YTU1XkEyXkFqcGdeQXVyMTQxNzMzNDI@._V1_SX300.jpg",
  "tt0103064": "https://m.media-amazon.com/images/M/MV5BMGU2NzRmZjUtOGUxYS00ZjdjLWEwZWItY2NlM2JhNjkxNTFmXkEyXkFqcGdeQXVyNjU0OTQ0OTY@._V1_SX300.jpg",
  "tt0099685": "https://m.media-amazon.com/images/M/MV5BY2NkZjEzMDgtN2RjYy00YzM1LWI4ZmQtMjIwYjFjNmI3ZGEwXkEyXkFqcGdeQXVyNzkwMjQ5NzM@._V1_SX300.jpg",
  "tt0102926": "https://m.media-amazon.com/images/M/MV5BNjNhZTk0ZmEtNjJhMi00YzFlLWE1MmEtYzM1M2ZmMGMwMTU4XkEyXkFqcGdeQXVyNjU0OTQ0OTY@._V1_SX300.jpg",
  "tt0103639": "https://m.media-amazon.com/images/M/MV5BY2Q2NDI1MjUtM2Q5ZS00MTFlLWJiYWEtNTZmNjQ3OGJkZDgxXkEyXkFqcGdeQXVyNTI4MjkwNjA@._V1_SX300.jpg",
  "tt0105236": "https://m.media-amazon.com/images/M/MV5BZmExNmEwYWItYmQzOS00YjA5LTk2MjktZjEyZDE1Y2QxNjA1XkEyXkFqcGdeQXVyMTQxNzMzNDI@._V1_SX300.jpg",
  "tt0105695": "https://m.media-amazon.com/images/M/MV5BODM3YWY4NmQtN2Y3Ni00OTg0LWFhZGQtZWE3ZWY4MTJlOWU4XkEyXkFqcGdeQXVyNjU0OTQ0OTY@._V1_SX300.jpg",
  "tt0107207": "https://m.media-amazon.com/images/M/MV5BMmYyOTgwYWItYmU3Ny00M2E2LTk0NWMtMDVlNmQ0MWZiMTMxXkEyXkFqcGdeQXVyNzkwMjQ5NzM@._V1_SX300.jpg",
  "tt0107290": "https://m.media-amazon.com/images/M/MV5BMjM2MDgxMDg0Nl5BMl5BanBnXkFtZTgwNTM2OTM5NDE@._V1_SX300.jpg",
  "tt0109830": "https://m.media-amazon.com/images/M/MV5BNWIwODRlZTUtY2U3ZS00Yzg1LWJhNzYtMmZiYmEyNmU1NjMzXkEyXkFqcGdeQXVyMTQxNzMzNDI@._V1_SX300.jpg",
  "tt0110413": "https://m.media-amazon.com/images/M/MV5BZDAwYTlhMDEtNTg0OS00NDY2LWJjOWItNWY3YTZkM2UxYzUzXkEyXkFqcGdeQXVyNTA4NzY1MzY@._V1_SX300.jpg",
  "tt0108052": "https://m.media-amazon.com/images/M/MV5BNDE4OTMxMTctNmRhYy00NWE2LTg3YzItYTk3M2UwOTU5Njg4XkEyXkFqcGdeQXVyNjU0OTQ0OTY@._V1_SX300.jpg",
  "tt0110357": "https://m.media-amazon.com/images/M/MV5BYTYxNGMyZTYtMjE3MS00MzNjLWFjNmYtMDk3N2FmM2JiM2M1XkEyXkFqcGdeQXVyNjY5NDU4NzI@._V1_SX300.jpg",
  "tt0110912": "https://m.media-amazon.com/images/M/MV5BNGNhMDIzZTUtNTBlZi00MTRlLWFjM2ItYzViMjE3YzI5MjljXkEyXkFqcGdeQXVyNzkwMjQ5NzM@._V1_SX300.jpg",
  "tt0112471": "https://m.media-amazon.com/images/M/MV5BZDdiZTAwYzAtMDI3Ni00OTRjLTkzN2UtMGE3MDMyZmU4NTU4XkEyXkFqcGdeQXVyNjU0OTQ0OTY@._V1_SX300.jpg",
  "tt0111161": "https://m.media-amazon.com/images/M/MV5BMDFkYTc0MGEtZmNhMC00ZDIzLWFmNTEtODM1ZmRlYWMwMWFmXkEyXkFqcGdeQXVyMTMxODk2OTU@._V1_SX300.jpg",
  "tt0114369": "https://m.media-amazon.com/images/M/MV5BOTUwODM5MTctZjczMi00OTk4LTg3NWUtNmVhMTAzNTNjYjcyXkEyXkFqcGdeQXVyNjU0OTQ0OTY@._V1_SX300.jpg",
  "tt0113277": "https://m.media-amazon.com/images/M/MV5BNDc0YTQ5NGEtM2NkYS00MWRhLThiNzAtNmY3NWU3YzNkMjIyXkEyXkFqcGdeQXVyNzkwMjQ5NzM@._V1_SX300.jpg",
  "tt0113247": "https://m.media-amazon.com/images/M/MV5BNDNiOTA5YjktY2Q0Ni00ODgzLWE5MWItNGExOWRlYjY2MjBlXkEyXkFqcGdeQXVyNjQ2MjQ5NzM@._V1_SX300.jpg",
  "tt0112641": "https://m.media-amazon.com/images/M/MV5BMTcxOWYzNDYtYmM4YS00N2NkLTk0NTAtNjg1ODgwZjAxYzI3XkEyXkFqcGdeQXVyNTA4NzY1MzY@._V1_SX300.jpg",
  "tt0114709": "https://m.media-amazon.com/images/M/MV5BMDU2ZWJlMjktMTRhMy00ZTA5LWEzNDgtYmNmZTEwZTViZWJkXkEyXkFqcGdeQXVyNDQ2OTk4MzI@._V1_SX300.jpg",
  "tt0112573": "https://m.media-amazon.com/images/M/MV5BMzkzMmU0YTYtOWM3My00YzBmLWI0YzctOGYyNTkwMWE5MTJkXkEyXkFqcGdeQXVyNzkwMjQ5NzM@._V1_SX300.jpg",
  "tt0114814": "https://m.media-amazon.com/images/M/MV5BYTViNjMyNmUtNDFkNC00ZDRlLThmMDUtZDU2YWE4NGI2ZjVmXkEyXkFqcGdeQXVyNjU0OTQ0OTY@._V1_SX300.jpg",
  "tt0116231": "https://m.media-amazon.com/images/M/MV5BOGQ4ZjFmYjktOGNkNS00OWYyLWIyZjgtMGJjM2U1ZTA0ZTlhXkEyXkFqcGdeQXVyNTA4NzY1MzY@._V1_SX300.jpg",
  "tt0116282": "https://m.media-amazon.com/images/M/MV5BNDJiZDgyZjctYmRjMS00ZjdkLTkwMTEtNGU1NDg3NDQ0Yzk1XkEyXkFqcGdeQXVyNzkwMjQ5NzM@._V1_SX300.jpg",
  "tt0118849": "https://m.media-amazon.com/images/M/MV5BZTYwZWQ4ZTQtZWU0MS00N2YwLWEzMDItZWFkZWY0MWVjODVhXkEyXkFqcGdeQXVyNjU0OTQ0OTY@._V1_SX300.jpg",
  "tt0118715": "https://m.media-amazon.com/images/M/MV5BMTQ0NjUzMDMyOF5BMl5BanBnXkFtZTgwODA1OTU0MDE@._V1_SX300.jpg",
  "tt0119217": "https://m.media-amazon.com/images/M/MV5BOTI0MzcxMTYtZDVkMy00NjY1LTgyMTYtZmUxN2M3NmQ2NWJhXkEyXkFqcGdeQXVyMTQxNzMzNDI@._V1_SX300.jpg",
  "tt0117951": "https://m.media-amazon.com/images/M/MV5BMzA5Zjc3ZTMtMmU5YS00YTMwLWI4MWUtYTU0YTVmNjVmODZhXkEyXkFqcGdeQXVyNjU0OTQ0OTY@._V1_SX300.jpg",
  "tt0118694": "https://m.media-amazon.com/images/M/MV5BYTJlMmIwYjAtYWJmYy00YzE2LWE1OTYtZjIyMzg0YWUwOTg4XkEyXkFqcGdeQXVyMTA1NTM1NDI2._V1_SX300.jpg",
  "tt0119698": "https://m.media-amazon.com/images/M/MV5BMTVlNWM4NTAtNDQxYi00YWU5LWIwM2MtZmVjYWFmODZiODE5XkEyXkFqcGdeQXVyNjU0OTQ0OTY@._V1_SX300.jpg",
  "tt0118799": "https://m.media-amazon.com/images/M/MV5BYmJmM2Q4NmMtYThmNC00ZjRlLWEyZmItZTIwOTBlZDQ3NTQ1XkEyXkFqcGdeQXVyMTQxNzMzNDI@._V1_SX300.jpg",
  "tt0120586": "https://m.media-amazon.com/images/M/MV5BZjA0MTM4MTQtNzY5MC00NzY3LWI1ZTgtYzcxMjkyMzU4MDZiXkEyXkFqcGdeQXVyNDYyMDk5MTU@._V1_SX300.jpg",
  "tt0120382": "https://m.media-amazon.com/images/M/MV5BMDIzODcyY2EtMmY2MC00ZWVlLTgwMzAtMjQwOWUyNmJjNTYyXkEyXkFqcGdeQXVyNDk3NzU2MTQ@._V1_SX300.jpg",
  "tt0120689": "https://m.media-amazon.com/images/M/MV5BMTUxMzQyNjA5MF5BMl5BanBnXkFtZTYwOTU2NTY3._V1_SX300.jpg",
  "tt0119488": "https://m.media-amazon.com/images/M/MV5BMDQ2YzEyZGItYWRhOS00MjBmLTkzMDUtMTdjYzkyMmQxZTJlXkEyXkFqcGdeQXVyNjU0OTQ0OTY@._V1_SX300.jpg",
  "tt0120735": "https://m.media-amazon.com/images/M/MV5BMTAyN2JmZmEtNjAyMy00NzYwLThmY2MtYWQ3OGNhNjExMmM4XkEyXkFqcGdeQXVyNDk3NzU2MTQ@._V1_SX300.jpg",
  "tt0120737": "https://m.media-amazon.com/images/M/MV5BN2EyZjM3NzUtNWUzMi00MTgxLWI0NTctMzY4M2VlOTdjZWRiXkEyXkFqcGdeQXVyNDUzOTQ5MjY@._V1_SX300.jpg",
  "tt0120815": "https://m.media-amazon.com/images/M/MV5BZjhkMDM4MWItZTVjOC00ZDRhLThmYTAtM2I5NzBmNmNlMzI1XkEyXkFqcGdeQXVyNDYyMDk5MTU@._V1_SX300.jpg",
  "tt0137523": "https://m.media-amazon.com/images/M/MV5BMmEzNTkxYjQtZTc0MC00YTVjLTg5ZTEtZWMwOWVlYzY0NWIwXkEyXkFqcGdeQXVyNzkwMjQ5NzM@._V1_SX300.jpg",
  "tt0167261": "https://m.media-amazon.com/images/M/MV5BNGE5MzIyNTAtNWFlMC00NDA2LWJiMjItMjc4Yjg1OWM5NzhhXkEyXkFqcGdeQXVyNzkwMjQ5NzM@._V1_SX300.jpg",
  "tt0169858": "https://m.media-amazon.com/images/M/MV5BZjJhMThkNTQtNjkxNy00MDdjLTg4MWQtMTI2MmQ3MDVmODUzXkEyXkFqcGdeQXVyMTAwOTA3NzY3._V1_SX300.jpg",
  "tt0169547": "https://m.media-amazon.com/images/M/MV5BNTBmZWJkNjctNDhiNC00MGE2LWEwOTctZTk5OGVhMWMyNmVhXkEyXkFqcGdeQXVyMTMxODk2OTU@._V1_SX300.jpg",
  "tt0169102": "https://m.media-amazon.com/images/M/MV5BNDYxNWUzZmYtOGQxMC00MTdkLTkxOTctYzkyOGIwNWQxZjhmXkEyXkFqcGdeQXVyNjU0OTQ0OTY@._V1_SX300.jpg",
  "tt0198781": "https://m.media-amazon.com/images/M/MV5BMTY1NTI0ODUyOF5BMl5BanBnXkFtZTgwNTEyNjQ0MDE@._V1_SX300.jpg",
  "tt0245429": "https://m.media-amazon.com/images/M/MV5BNmU5OTQ0OWQtOTY0OS00Yjg4LWE1NDYtNDRhYWMxYWY4OTMwXkEyXkFqcGdeQXVyNjU0OTQ0OTY@._V1_SX300.jpg",
  "tt0264464": "https://m.media-amazon.com/images/M/MV5BMTY5MzYzNjc5NV5BMl5BanBnXkFtZTYwNTUyNTc2._V1_SX300.jpg",
  "tt0208092": "https://m.media-amazon.com/images/M/MV5BMTA2NDYxOGYtYjU1Mi00Y2QzLTgxMTQtMWI1MGI0ZGQ5MmU4XkEyXkFqcGdeQXVyNDk3NzU2MTQ@._V1_SX300.jpg",
  "tt0266543": "https://m.media-amazon.com/images/M/MV5BZTAzNWZlNmUtZDEzYi00ZjA5LWIwYjEtZGM1NWE1MjE4YWRhXkEyXkFqcGdeQXVyNjU0OTQ0OTY@._V1_SX300.jpg",
  "tt0266697": "https://m.media-amazon.com/images/M/MV5BNzM3NDFhYTAtYmU5Mi00NGRmLTljYjgtMDkyODQ4MjNkMGY2XkEyXkFqcGdeQXVyNzkwMjQ5NzM@._V1_SX300.jpg",
  "tt0211915": "https://m.media-amazon.com/images/M/MV5BNDg4NjM1YjMtYmNhZC00MjM0LWFiZmYtNGY1YjA3MzZmODc5XkEyXkFqcGdeQXVyNDk3NzU2MTQ@._V1_SX300.jpg",
  "tt0268978": "https://m.media-amazon.com/images/M/MV5BMzcwYWFkYzktZjAzNC00OGY1LWI4YTgtNzc5MzVjMDVmNjY0XkEyXkFqcGdeQXVyMTQxNzMzNDI@._V1_SX300.jpg",
  "tt0209144": "https://m.media-amazon.com/images/M/MV5BZTcyNjk1MjgtOWI3Mi00YzQwLWI5MTktMzY4ZmI2NDAyNzYzXkEyXkFqcGdeQXVyNjU0OTQ0OTY@._V1_SX300.jpg",
  "tt0133093": "https://m.media-amazon.com/images/M/MV5BNzQzOTk3OTAtNDQ0Zi00ZTVkLWI0MTEtMDllZjNkYzNjNTc4L2ltYWdlXkEyXkFqcGdeQXVyNjU0OTQ0OTY@._V1_SX300.jpg",
  "tt0180093": "https://m.media-amazon.com/images/M/MV5BOTdiNzJlOWUtNWMwNS00NmFlLWI0YTEtZmI3YjIzZWUyY2Y3XkEyXkFqcGdeQXVyNjU0OTQ0OTY@._V1_SX300.jpg",
  "tt0253474": "https://m.media-amazon.com/images/M/MV5BOWRiZDIxZjktMTA1NC00MDQ2LWEzMjUtMTliZmY3NjQ3ODJiXkEyXkFqcGdeQXVyNjU0OTQ0OTY@._V1_SX300.jpg",
  "tt0245712": "https://m.media-amazon.com/images/M/MV5BMWJhOTg5MWQtYTJjMi00YmFkLTg4ODgtYmU2YWVhODQ4ZDM3XkEyXkFqcGdeQXVyMTAwMzUyOTc@._V1_SX300.jpg",
  "tt0172495": "https://m.media-amazon.com/images/M/MV5BMDliMmNhNDEtODUyOS00MjNlLTgxODEtN2U3NzIxMGVkZTA1L2ltYWdlXkEyXkFqcGdeQXVyNjU0OTQ0OTY@._V1_SX300.jpg",
  "tt0167404": "https://m.media-amazon.com/images/M/MV5BMWM4NTFhYjctNzUyNi00NGMwLTk3NTYtMDIyNTZmMzRlYmQyXkEyXkFqcGdeQXVyMTAwMzUyOTc@._V1_SX300.jpg",
  "tt0317248": "https://m.media-amazon.com/images/M/MV5BNDJiNTEwMjMtOGQ1ZC00OTczLWFjZjctZWQ0MGJjZmFkMjcwXkEyXkFqcGdeQXVyNjU0OTQ0OTY@._V1_SX300.jpg",
  "tt0361748": "https://m.media-amazon.com/images/M/MV5BOTJiNDEzOWYtMTVjOC00ZjlmLWE0NGMtZmE1OWVmZDQ2OWJhXkEyXkFqcGdeQXVyNTIzOTk5ODM@._V1_SX300.jpg",
  "tt0338013": "https://m.media-amazon.com/images/M/MV5BMTY4NzcwODg3Nl5BMl5BanBnXkFtZTcwNTEwOTMyMw@@._V1_SX300.jpg",
  "tt0347149": "https://m.media-amazon.com/images/M/MV5BZTRhY2QwM2UtNWRlNy00ZWQwLTg3MjktZThmNjQ3NTdjN2IxXkEyXkFqcGdeQXVyMzg2MzE2OTE@._V1_SX300.jpg",
  "tt0363163": "https://m.media-amazon.com/images/M/MV5BZDA2ZjUxZGUtOWU4My00NGU4LTliMGItNWNjMWU1MTM3Nzc3XkEyXkFqcGdeQXVyMzA3Njg4MzY@._V1_SX300.jpg",
  "tt0364569": "https://m.media-amazon.com/images/M/MV5BZWFlZWI3MWQtODgzOS00MjVmLTg2ODMtOWE3NWFjOWZkMTY4XkEyXkFqcGdeQXVyMjQ1NjEyNzE@._V1_SX300.jpg",
  "tt0167260": "https://m.media-amazon.com/images/M/MV5BNzA5ZDNlZWMtM2NhNS00NDJjLTk4NDItYTRmY2EwMWZlMTY3XkEyXkFqcGdeQXVyNzkwMjQ5NzM@._V1_SX300.jpg",
  "tt0372784": "https://m.media-amazon.com/images/M/MV5BZmUwNGU2ZmItMmRiNC00MjhlLTg5YWUtODMyNzkxODYzMmZlXkEyXkFqcGdeQXVyNTIzOTk5ODM@._V1_SX300.jpg",
  "tt0353969": "https://m.media-amazon.com/images/M/MV5BMzhlNGJhYzUtZTNiMi00MjI0LWFjN2MtOTVlN2IxODVkZWVkXkEyXkFqcGdeQXVyMTMxODk2OTU@._V1_SX300.jpg",
  "tt0405159": "https://m.media-amazon.com/images/M/MV5BMTkxNzA1NDQxOV5BMl5BanBnXkFtZTcwNTkyMTIzMw@@._V1_SX300.jpg",
  "tt0405508": "https://m.media-amazon.com/images/M/MV5BYThmZDA0YmQtMWJhNy00MDQwLTk0Y2YtMDhmZTE5ZjhlNjliXkEyXkFqcGdeQXVyODE5NzE3OTE@._V1_SX300.jpg",
  "tt0381681": "https://m.media-amazon.com/images/M/MV5BMTQ1MjAwNTM5Ml5BMl5BanBnXkFtZTYwNDM0MTc3._V1_SX300.jpg",
  "tt0405094": "https://m.media-amazon.com/images/M/MV5BOThkM2EzYmMtNDE3NS00NjlhLTg4YzktYTdhNzgyOWY3ZDYzXkEyXkFqcGdeQXVyNzQzNzQxNzI@._V1_SX300.jpg",
  "tt0395169": "https://m.media-amazon.com/images/M/MV5BZGJjYmIzZmQtNWE4Yy00ZGVmLWJkZGEtMzUzNmQ4ZWFlMjRhXkEyXkFqcGdeQXVyMTMxODk2OTU@._V1_SX300.jpg",
  "tt0468569": "https://m.media-amazon.com/images/M/MV5BMTMxNTMwODM0NF5BMl5BanBnXkFtZTcwODAyMTk2Mw@@._V1_SX300.jpg",
  "tt0407887": "https://m.media-amazon.com/images/M/MV5BMTI1MTY2OTIxNV5BMl5BanBnXkFtZTYwNjQ4NjY3._V1_SX300.jpg",
  "tt0476735": "https://m.media-amazon.com/images/M/MV5BNjAzMzEwYzctNjc1MC00Nzg5LWFmMGItMTgzYmMyNTY2OTQ4XkEyXkFqcGdeQXVyNjU0OTQ0OTY@._V1_SX300.jpg",
  "tt0434409": "https://m.media-amazon.com/images/M/MV5BOTI5ODc3NzExNV5BMl5BanBnXkFtZTcwNzYxNzQzMw@@._V1_SX300.jpg",
  "tt0435761": "https://m.media-amazon.com/images/M/MV5BMTgxOTY4Mjc0MF5BMl5BanBnXkFtZTcwNTA4MDQyMw@@._V1_SX300.jpg",
  "tt0477348": "https://m.media-amazon.com/images/M/MV5BMjA5Njk3MjM4OV5BMl5BanBnXkFtZTcwMTc5MTE1MQ@@._V1_SX300.jpg",
  "tt1028532": "https://m.media-amazon.com/images/M/MV5BNzE4NDg5OWMtMzg3NC00ZDRjLTllMDMtZTRjNWZmNjBmMGZlXkEyXkFqcGdeQXVyMTMxODk2OTU@._V1_SX300.jpg",
  "tt0469494": "https://m.media-amazon.com/images/M/MV5BMjAxODQ4MDU5NV5BMl5BanBnXkFtZTcwMDU4MjU1MQ@@._V1_SX300.jpg",
  "tt0986264": "https://m.media-amazon.com/images/M/MV5BNTVmYTk2NjAtYzY3MS00YjFjLTlkYzktYzg3YzMyZDQyOWRiXkEyXkFqcGdeQXVyNjQ2MjQ5NzM@._V1_SX300.jpg",
  "tt0892769": "https://m.media-amazon.com/images/M/MV5BMjA5NDQyMjc2NF5BMl5BanBnXkFtZTcwMjg5ODcyMw@@._V1_SX300.jpg",
  "tt0993846": "https://m.media-amazon.com/images/M/MV5BMjIxMjgxNTk0MF5BMl5BanBnXkFtZTgwNjIyOTg2MDE@._V1_SX300.jpg",
  "tt0482571": "https://m.media-amazon.com/images/M/MV5BMjA4NDI0MTIxNF5BMl5BanBnXkFtZTYwNTM0MzY2._V1_SX300.jpg",
  "tt1187043": "https://m.media-amazon.com/images/M/MV5BNTkyOGVjMGEtNmQzZi00NzFlLTlhOWQtODYyMDc2ZGJmYzFhXkEyXkFqcGdeQXVyNjU0OTQ0OTY@._V1_SX300.jpg",
  "tt1049413": "https://m.media-amazon.com/images/M/MV5BMTk3NDE2NzI4NF5BMl5BanBnXkFtZTgwNzE1MzEyMTE@._V1_SX300.jpg",
  "tt1201607": "https://m.media-amazon.com/images/M/MV5BMjIyZGU4YzUtNDkzYi00ZDRhLTljYzctYTMxMDQ4M2E0Y2YxXkEyXkFqcGdeQXVyNTIzOTk5ODM@._V1_SX300.jpg",
  "tt0910970": "https://m.media-amazon.com/images/M/MV5BMjExMTg5OTU0NF5BMl5BanBnXkFtZTcwMjMxMzMzMw@@._V1_SX300.jpg",
  "tt1291584": "https://m.media-amazon.com/images/M/MV5BMTk4ODk5MTMyNV5BMl5BanBnXkFtZTcwMDMyNTg0Ng@@._V1_SX300.jpg",
  "tt1205489": "https://m.media-amazon.com/images/M/MV5BMTc5NTk2OTU1Nl5BMl5BanBnXkFtZTcwMDc3NjAwMg@@._V1_SX300.jpg",
  "tt1130884": "https://m.media-amazon.com/images/M/MV5BYzhiNDkyNzktNTZmYS00ZTBkLTk2MDAtM2U0YjU1MzgxZjgzXkEyXkFqcGdeQXVyMTMxODk2OTU@._V1_SX300.jpg",
  "tt0816692": "https://m.media-amazon.com/images/M/MV5BZjdkOTU3MDktN2IxOS00OGEyLWFmMjktY2FiMmZkNWIyODZiXkEyXkFqcGdeQXVyMTMxODk2OTU@._V1_SX300.jpg",
  "tt0978762": "https://m.media-amazon.com/images/M/MV5BMDgzYjQwMDMtNGUzYi00MTRmLWIyMGMtNjE1OGZkNzY2YWIzL2ltYWdlXkEyXkFqcGdeQXVyNjU0OTQ0OTY@._V1_SX300.jpg",
  "tt0758758": "https://m.media-amazon.com/images/M/MV5BMTAwNDEyODU1MjheQTJeQWpwZ15BbWU2MDc3NDQwNw@@._V1_SX300.jpg",
  "tt1345836": "https://m.media-amazon.com/images/M/MV5BMTk4ODQzNDY3Ml5BMl5BanBnXkFtZTcwODA0NTM4Nw@@._V1_SX300.jpg",
  "tt0457430": "https://m.media-amazon.com/images/M/MV5BMDBjOWYyMDQtOWRmOC00MDgxLWIxM2UtMTNjYzFiN2RkYTBlXkEyXkFqcGdeQXVyMTAyOTE2ODg0._V1_SX300.jpg",
  "tt1255953": "https://m.media-amazon.com/images/M/MV5BYWRlNzRjMTktNjQ1Ni00NzYyLTkwMzktMjJjMjg5NTQ5OGZjXkEyXkFqcGdeQXVyNjU0OTQ0OTY@._V1_SX300.jpg",
  "tt1375666": "https://m.media-amazon.com/images/M/MV5BMjAxMzY3NjcxNF5BMl5BanBnXkFtZTcwNTI5OTM0Mw@@._V1_SX300.jpg",
  "tt1305806": "https://m.media-amazon.com/images/M/MV5BMGI4ZDU0MWUtMmMwNS00ODBhLTllODEtZWE2NjMwNTM3MmVjXkEyXkFqcGdeQXVyNDE5MTU2MDE@._V1_SX300.jpg",
  "tt1853728": "https://m.media-amazon.com/images/M/MV5BMjIyNTQ5NjQ1OV5BMl5BanBnXkFtZTcwODg1MDU4OA@@._V1_SX300.jpg",
  "tt1832382": "https://m.media-amazon.com/images/M/MV5BNmMwZTY2YmMtOTk2Mi00NzMyLThkYmEtNDFiM2E1NTljNzUxXkEyXkFqcGdeQXVyNjkxOTM4ODY@._V1_SX300.jpg",
  "tt1392190": "https://m.media-amazon.com/images/M/MV5BN2EwM2I5OWMtMGQyMi00Zjg1LWJkNTctZTdjYTA4OGUwZjMyXkEyXkFqcGdeQXVyMTMxODk2OTU@._V1_SX300.jpg",
  "tt1392214": "https://m.media-amazon.com/images/M/MV5BMTg0NTIzMjQ1NV5BMl5BanBnXkFtZTcwNDc3MzM5OQ@@._V1_SX300.jpg",
  "tt1950186": "https://m.media-amazon.com/images/M/MV5BYzcyZDNlNDktOWRhYy00ODQ5LTg1ODQtZmFmZTIyMjg2Yjk5XkEyXkFqcGdeQXVyMTkxNjUyNQ@@._V1_SX300.jpg",
  "tt1454029": "https://m.media-amazon.com/images/M/MV5BMTM5OTMyMjIxOV5BMl5BanBnXkFtZTcwNzU4MjIwNQ@@._V1_SX300.jpg",
  "tt1675434": "https://m.media-amazon.com/images/M/MV5BMTYxNDA3MDQwNl5BMl5BanBnXkFtZTcwNTU4Mzc1Nw@@._V1_SX300.jpg",
  "tt1895587": "https://m.media-amazon.com/images/M/MV5BMjIyOTM5OTIzNV5BMl5BanBnXkFtZTgwMDkzODE2NjE@._V1_SX300.jpg",
  "tt1979320": "https://m.media-amazon.com/images/M/MV5BOWEwODJmZDItYTNmZC00OGM4LThlNDktOTQzZjIzMGQxODA4XkEyXkFqcGdeQXVyNjU0OTQ0OTY@._V1_SX300.jpg",
  "tt1954470": "https://m.media-amazon.com/images/M/MV5BMTc5NjY4MjUwNF5BMl5BanBnXkFtZTgwODM3NzM5MzE@._V1_SX300.jpg",
  "tt2024544": "https://m.media-amazon.com/images/M/MV5BMjExMTEzODkyN15BMl5BanBnXkFtZTcwNTU4NTc4OQ@@._V1_SX300.jpg",
  "tt2119532": "https://m.media-amazon.com/images/M/MV5BMjQ1NjM3MTUxNV5BMl5BanBnXkFtZTgwMDc5MTY5OTE@._V1_SX300.jpg",
  "tt2380307": "https://m.media-amazon.com/images/M/MV5BYjQ5NjM0Y2YtNjZkNC00ZDhkLWJjMWItN2QyNzFkMDE3ZjAxXkEyXkFqcGdeQXVyODIxMzk5NjA@._V1_SX300.jpg",
  "tt2338151": "https://m.media-amazon.com/images/M/MV5BMTYzOTE2NjkxN15BMl5BanBnXkFtZTgwMDgzMTg0MzE@._V1_SX300.jpg",
  "tt2106476": "https://m.media-amazon.com/images/M/MV5BNDM2MzMwMzcxNF5BMl5BanBnXkFtZTcwNTczMDk3OA@@._V1_SX300.jpg",
  "tt2096673": "https://m.media-amazon.com/images/M/MV5BOTgxMDQwMDk0OF5BMl5BanBnXkFtZTgwNjU5OTg2NDE@._V1_SX300.jpg",
  "tt2267998": "https://m.media-amazon.com/images/M/MV5BMTk0MDQ3MzAzOV5BMl5BanBnXkFtZTgwNzU1NzE3MjE@._V1_SX300.jpg",
  "tt3315342": "https://m.media-amazon.com/images/M/MV5BYzc5MTU4N2EtYTkyMi00NjdhLTg3NWEtMTY4OTEyMzJhZTAzXkEyXkFqcGdeQXVyNjc1NTYyMjg@._V1_SX300.jpg",
  "tt2582802": "https://m.media-amazon.com/images/M/MV5BOTA5NDZlZGUtMjAxOS00YTRkLTkwYmMtYWQ0NWEwZDZiNjEzXkEyXkFqcGdeQXVyMTMxODk2OTU@._V1_SX300.jpg",
  "tt3011894": "https://m.media-amazon.com/images/M/MV5BNGQzY2Y0MTgtMDA4OC00NjM3LWI0ZGQtNTJlM2UxZDQxZjI0XkEyXkFqcGdeQXVyNDUzOTQ5MjY@._V1_SX300.jpg",
  "tt4154756": "https://m.media-amazon.com/images/M/MV5BMjMxNjY2MDU1OV5BMl5BanBnXkFtZTgwNzY1MTUwNTM@._V1_SX300.jpg",
  "tt4633694": "https://m.media-amazon.com/images/M/MV5BMjMwNDkxMTgzOF5BMl5BanBnXkFtZTgwNTkwNTQ3NjM@._V1_SX300.jpg",
  "tt2278388": "https://m.media-amazon.com/images/M/MV5BMzM5NjUxOTEyMl5BMl5BanBnXkFtZTgwNjEyMDM0MDE@._V1_SX300.jpg",
  "tt3281548": "https://m.media-amazon.com/images/M/MV5BY2QzYTQyYzItMzAwYi00YjZlLThjNTUtNzMyMDdkYzJiNWM4XkEyXkFqcGdeQXVyMTkxNjUyNQ@@._V1_SX300.jpg",
  "tt4154796": "https://m.media-amazon.com/images/M/MV5BMTc5MDE2ODcwNV5BMl5BanBnXkFtZTgwMzI2NzQ2NzM@._V1_SX300.jpg",
  "tt3170832": "https://m.media-amazon.com/images/M/MV5BMjE4NzgzNzEwMl5BMl5BanBnXkFtZTgwMTMzMDE0NjE@._V1_SX300.jpg",
  "tt4857264": "https://m.media-amazon.com/images/M/MV5BMDk0YzAwYjktMWFiZi00Y2FmLWJmMmMtMzUyZDZmMmU5MjkzXkEyXkFqcGdeQXVyMTMxODk2OTU@._V1_SX300.jpg",
  "tt5074352": "https://m.media-amazon.com/images/M/MV5BMTQ4MzQzMzM2Nl5BMl5BanBnXkFtZTgwMTQ1NzU3MDI@._V1_SX300.jpg",
  "tt5027774": "https://m.media-amazon.com/images/M/MV5BMjI0ODcxNzM1N15BMl5BanBnXkFtZTgwMzIwMTEwNDI@._V1_SX300.jpg",
  "tt4016934": "https://m.media-amazon.com/images/M/MV5BNDJhYTk2MTctZmVmOS00OTViLTgxNjQtMzQxOTRiMDdmNGRjXkEyXkFqcGdeQXVyMTMxODk2OTU@._V1_SX300.jpg",
  "tt6751668": "https://m.media-amazon.com/images/M/MV5BYWZjMjk3ZTItODQ2ZC00NTY5LWE0ZDYtZTI3MjcwN2Q5NTVkXkEyXkFqcGdeQXVyODk4OTc3MTY@._V1_SX300.jpg",
  "tt7286456": "https://m.media-amazon.com/images/M/MV5BNGVjNWI4ZGUtNzE0MS00YTJmLWE0ZDctN2ZiYTk2YmI3NTYyXkEyXkFqcGdeQXVyMTkxNjUyNQ@@._V1_SX300.jpg",
  "tt7653254": "https://m.media-amazon.com/images/M/MV5BZGVmY2RjNDgtMTc3Yy00YmY0LTgwODItYzBjNWJhNTRlYjdkXkEyXkFqcGdeQXVyMjM4NTM5NDY@._V1_SX300.jpg",
  "tt6966692": "https://m.media-amazon.com/images/M/MV5BYzIzYmJlYTYtNGNiYy00N2EwLTk4ZjItMGYyZTJiOTVkM2RlXkEyXkFqcGdeQXVyODY1NDk1NjE@._V1_SX300.jpg",
  "tt8108198": "https://m.media-amazon.com/images/M/MV5BZWZhMjhhZmYtOTIzOC00MGYzLWI1OGYtM2ZkN2IxNTI4ZWI3XkEyXkFqcGdeQXVyNDAzNDk0MTQ@._V1_SX300.jpg",
  "tt5311514": "https://m.media-amazon.com/images/M/MV5BODRmZDVmNzUtZDA4ZC00NjhkLWI2M2UtN2M0ZDIzNDcxYThjL2ltYWdlXkEyXkFqcGdeQXVyNTk0MzMzODA@._V1_SX300.jpg",
  "tt8267604": "https://m.media-amazon.com/images/M/MV5BMmExNzU2ZWMtYzUwYi00YmM2LTkxZTQtNmVhNjY0NTMyMWI2XkEyXkFqcGdeQXVyMTMxODk2OTU@._V1_SX300.jpg",
  "tt8579674": "https://m.media-amazon.com/images/M/MV5BOTdmNTFjNDEtNzg0My00ZjkxLTg1ZDAtZTdkMDc2ZmFiNWQ1XkEyXkFqcGdeQXVyNTAzNzgwNTg@._V1_SX300.jpg",
  "tt4729430": "https://m.media-amazon.com/images/M/MV5BMWYwOThjM2ItZGYxNy00NTQwLWFlZWEtM2MzM2Q5MmY3NDU5XkEyXkFqcGdeQXVyMTkxNjUyNQ@@._V1_SX300.jpg",
  "tt0420293": "https://m.media-amazon.com/images/M/MV5BMTUyNDIyMTA4NV5BMl5BanBnXkFtZTgwODM2MDMxNjE@._V1_SX300.jpg",
  "tt0437086": "https://m.media-amazon.com/images/M/MV5BNzVhMjcxYjYtOTVhOS00MzQ1LWFiNTAtZmY2ZmJjNjIxMjllXkEyXkFqcGdeQXVyNTc5OTMwOTQ@._V1_SX300.jpg",
  "tt0448115": "https://m.media-amazon.com/images/M/MV5BYTE0Yjc1NzUtMjFjMC00Y2I3LTg3NGYtNGRlMGJhYThjMTJmXkEyXkFqcGdeQXVyNTI4MzE4MDU@._V1_SX300.jpg",
  "tt0451279": "https://m.media-amazon.com/images/M/MV5BNDFmZjgyMTEtYTk5MC00NmY0LWJhZjktOWY2MzI5YjkzODNlXkEyXkFqcGdeQXVyMDA4NzMyOA@@._V1_SX300.jpg",
  "tt0470752": "https://m.media-amazon.com/images/M/MV5BMTUxNzc0OTIxMV5BMl5BanBnXkFtZTgwNDI3NzU2NDE@._V1_SX300.jpg",
  "tt0475290": "https://m.media-amazon.com/images/M/MV5BOTI1M2FlMzItY2VjYS00Y2VkLWI5OTQtMzA0MWMyNmQzZmQ0XkEyXkFqcGdeQXVyMTMxODk2OTU@._V1_SX300.jpg",
  "tt0490215": "https://m.media-amazon.com/images/M/MV5BMjY3OTk0NjA2NV5BMl5BanBnXkFtZTgwNTg3Mjc2MDI@._V1_SX300.jpg",
  "tt0491203": "https://m.media-amazon.com/images/M/MV5BZDY3MTAyNmEtZDY1Yi00NGY5LTg1ZDctNDQ2N2FlMmRlYWU0XkEyXkFqcGdeQXVyNTQzOTc3MTI@._V1_SX300.jpg",
  "tt0790770": "https://m.media-amazon.com/images/M/MV5BYTU5NDRjNmItZGZlMi00ZjJiLTk5YzAtZmY1ZDc4ZGZhMjFhXkEyXkFqcGdeQXVyNTM0OTY0NTI@._V1_SX300.jpg",
  "tt0800325": "https://m.media-amazon.com/images/M/MV5BODhiMzkwYTctYzgwOC00MDM2LWExYjQtMzY4MDljZjQ3M2RmXkEyXkFqcGdeQXVyNDg4NjY5OTQ@._V1_SX300.jpg",
  "tt0859635": "https://m.media-amazon.com/images/M/MV5BZmFhMjM2NmQtYWM3Yi00YmJhLWIxOTgtYWY3ZjNlYzMwOWJmXkEyXkFqcGdeQXVyMjM4NTM5NDY@._V1_SX300.jpg",
  "tt1034385": "https://m.media-amazon.com/images/M/MV5BZGM4ODUwNTYtNWQ0OC00ZGRiLWFkODQtZTM2MTgyN2Y5Mjk4XkEyXkFqcGdeQXVyMjE4NzUxNDA@._V1_SX300.jpg",
  "tt1034415": "https://m.media-amazon.com/images/M/MV5BMjQ2MTIyNjM2MF5BMl5BanBnXkFtZTgwMDE3NDMyNjM@._V1_SX300.jpg",
  "tt1083452": "https://m.media-amazon.com/images/M/MV5BMTUxOTc5MTU1NF5BMl5BanBnXkFtZTgwODYyNTA1NzE@._V1_SX300.jpg",
  "tt10875696": "https://m.media-amazon.com/images/M/MV5BODQ4NGIwZWYtMWNhOC00MzFjLTk5ZDYtOGM1MzM3NjVlZGUxXkEyXkFqcGdeQXVyNDg4MjkzNDk@._V1_SX300.jpg",
  "tt1137450": "https://m.media-amazon.com/images/M/MV5BMTkzNjU3MjE0MF5BMl5BanBnXkFtZTgwNTIyNDk0NDM@._V1_SX300.jpg",
  "tt1172049": "https://m.media-amazon.com/images/M/MV5BMTg4Nzg1MTYxMl5BMl5BanBnXkFtZTgwMjUxNDMyODE@._V1_SX300.jpg",
  "tt1179933": "https://m.media-amazon.com/images/M/MV5BMjEzMjczOTIxMV5BMl5BanBnXkFtZTgwOTUwMjI3NzE@._V1_SX300.jpg",
  "tt1190634": "https://m.media-amazon.com/images/M/MV5BMjdjOTliZTQtM2FhNS00Mjk3LWJiOTgtMWJlMTg4MDgyNzc1XkEyXkFqcGdeQXVyODk4OTc3MTY@._V1_SX300.jpg",
  "tt1211837": "https://m.media-amazon.com/images/M/MV5BNjgwNzAzNjk1Nl5BMl5BanBnXkFtZTgwMzQ2NjI1OTE@._V1_SX300.jpg",
  "tt1212428": "https://m.media-amazon.com/images/M/MV5BNjAyN2QxOTItOGQ0YS00NmQxLWIxMjEtMDdkZmY0NDU5OWUzXkEyXkFqcGdeQXVyMTk1MDM0OTc@._V1_SX300.jpg",
  "tt1213641": "https://m.media-amazon.com/images/M/MV5BMDBhOTMxN2UtYjllYS00NWNiLWE1MzAtZjg3NmExODliMDQ0XkEyXkFqcGdeQXVyMjMxOTE0ODA@._V1_SX300.jpg",
  "tt1259528": "https://m.media-amazon.com/images/M/MV5BMzYyODcwMDAyM15BMl5BanBnXkFtZTgwOTA4MjIwNDI@._V1_SX300.jpg",
  "tt1270797": "https://m.media-amazon.com/images/M/MV5BNzAwNzUzNjY4MV5BMl5BanBnXkFtZTgwMTQ5MzM0NjM@._V1_SX300.jpg",
  "tt1302006": "https://m.media-amazon.com/images/M/MV5BMGUyM2ZiZmUtMWY0OC00NTQ4LThkOGUtNjY2NjkzMDJiMWMwXkEyXkFqcGdeQXVyMzY0MTE3NzU@._V1_SX300.jpg",
  "tt1308728": "https://m.media-amazon.com/images/M/MV5BOTRjMTczMGItMmYxMi00ZThlLTg2ZjAtODgyZTNkN2VmMDlhXkEyXkFqcGdeQXVyNzQwNjY4NTg@._V1_SX300.jpg",
  "tt1355683": "https://m.media-amazon.com/images/M/MV5BNzg0ODI3NDQxNF5BMl5BanBnXkFtZTgwMzgzNDA0NjE@._V1_SX300.jpg",
  "tt1365050": "https://m.media-amazon.com/images/M/MV5BMTYwMzMzMDI0NF5BMl5BanBnXkFtZTgwNDQ3NjI3NjE@._V1_SX300.jpg",
  "tt1365519": "https://m.media-amazon.com/images/M/MV5BOTY4NDcyZGQtYmVlNy00ODgwLTljYTMtYzQ2OTE3NDhjODMwXkEyXkFqcGdeQXVyNzYzODM3Mzg@._V1_SX300.jpg",
  "tt1386697": "https://m.media-amazon.com/images/M/MV5BMjM1OTMxNzUyM15BMl5BanBnXkFtZTgwNjYzMTIzOTE@._V1_SX300.jpg",
  "tt1389072": "https://m.media-amazon.com/images/M/MV5BNDYxNDQ5OTYxOV5BMl5BanBnXkFtZTgwOTcyODkxNDM@._V1_SX300.jpg",
  "tt1398426": "https://m.media-amazon.com/images/M/MV5BMTA5MzkyMzIxNjJeQTJeQWpwZ15BbWU4MDU0MDk0OTUx._V1_SX300.jpg",
  "tt1413492": "https://m.media-amazon.com/images/M/MV5BNTEzMjk3NzkxMV5BMl5BanBnXkFtZTgwNjY2NDczNDM@._V1_SX300.jpg",
  "tt1431045": "https://m.media-amazon.com/images/M/MV5BYzE5MjY1ZDgtMTkyNC00MTMyLThhMjAtZGI5OTE1NzFlZGJjXkEyXkFqcGdeQXVyNjU0OTQ0OTY@._V1_SX300.jpg",
  "tt1464763": "https://m.media-amazon.com/images/M/MV5BMjAwNTE3MjQ2M15BMl5BanBnXkFtZTgwNjgzNjk2NDM@._V1_SX300.jpg",
  "tt1477834": "https://m.media-amazon.com/images/M/MV5BOTk5ODg0OTU5M15BMl5BanBnXkFtZTgwMDQ3MDY3NjM@._V1_SX300.jpg",
  "tt1485796": "https://m.media-amazon.com/images/M/MV5BMjI1NDYzNzY2Ml5BMl5BanBnXkFtZTgwODQwODczNTM@._V1_SX300.jpg",
  "tt1488606": "https://m.media-amazon.com/images/M/MV5BODU4MzM2MDAxMl5BMl5BanBnXkFtZTgwNDEzNjM0NzM@._V1_SX300.jpg",
  "tt1489887": "https://m.media-amazon.com/images/M/MV5BMjEzMjcxNjA2Nl5BMl5BanBnXkFtZTgwMjAxMDM2NzM@._V1_SX300.jpg",
  "tt1489889": "https://m.media-amazon.com/images/M/MV5BMjA2NzEzNjIwNl5BMl5BanBnXkFtZTgwNzgwMTEzNzE@._V1_SX300.jpg",
  "tt1502407": "https://m.media-amazon.com/images/M/MV5BMmMzNjJhYjUtNzFkZi00MWQ4LWJiMDEtYWM0NTAzNGZjMTI3XkEyXkFqcGdeQXVyOTE2OTMwNDk@._V1_SX300.jpg",
  "tt1517451": "https://m.media-amazon.com/images/M/MV5BNmE5ZmE3OGItNTdlNC00YmMxLWEzNjctYzAwOGQ5ODg0OTI0XkEyXkFqcGdeQXVyMTMxODk2OTU@._V1_SX300.jpg",
  "tt1563742": "https://m.media-amazon.com/images/M/MV5BM2E5MWYwYTktMmIxZC00MWVkLTk4YjctNGU1OGVjMDIwNzM2XkEyXkFqcGdeQXVyNTAwODk1NzY@._V1_SX300.jpg",
  "tt1590193": "https://m.media-amazon.com/images/M/MV5BMTc0NDg1MjI4OV5BMl5BanBnXkFtZTgwMDIwMTEwNDI@._V1_SX300.jpg",
  "tt1594972": "https://m.media-amazon.com/images/M/MV5BNTY4MDk4Mjc4NV5BMl5BanBnXkFtZTgwNzg4OTk0NzE@._V1_SX300.jpg",
  "tt1596363": "https://m.media-amazon.com/images/M/MV5BNDc4MThhN2EtZjMzNC00ZDJmLThiZTgtNThlY2UxZWMzNjdkXkEyXkFqcGdeQXVyNDk3NzU2MTQ@._V1_SX300.jpg",
  "tt1620680": "https://m.media-amazon.com/images/M/MV5BMjMxNjQ5MTI3MV5BMl5BanBnXkFtZTgwMjQ2MTAyNDM@._V1_SX300.jpg",
  "tt1638355": "https://m.media-amazon.com/images/M/MV5BOTZmMWFhYmQtZDE5YS00YzBlLWJlOGEtYzAwNGU1YzVlYjZlXkEyXkFqcGdeQXVyNzkwMjQ5NzM@._V1_SX300.jpg",
  "tt1653665": "https://m.media-amazon.com/images/M/MV5BMjE2MTUzMDQzNF5BMl5BanBnXkFtZTgwMDYxMDQ1MjI@._V1_SX300.jpg",
  "tt1661199": "https://m.media-amazon.com/images/M/MV5BMjMxODYyODEzN15BMl5BanBnXkFtZTgwMDk4OTU0MzE@._V1_SX300.jpg",
  "tt1663202": "https://m.media-amazon.com/images/M/MV5BMDE5OWMzM2QtOTU2ZS00NzAyLWI2MDEtOTRlYjIxZGM0OWRjXkEyXkFqcGdeQXVyODE5NzE3OTE@._V1_SX300.jpg",
  "tt1677720": "https://m.media-amazon.com/images/M/MV5BY2JiYTNmZTctYTQ1OC00YjU4LWEwMjYtZjkwY2Y5MDI0OTU3XkEyXkFqcGdeQXVyNTI4MzE4MDU@._V1_SX300.jpg",
  "tt1700841": "https://m.media-amazon.com/images/M/MV5BMjkxOTk1MzY4MF5BMl5BanBnXkFtZTgwODQzOTU5ODE@._V1_SX300.jpg",
  "tt1711525": "https://m.media-amazon.com/images/M/MV5BNTI2MDE5MjQ3MV5BMl5BanBnXkFtZTgwNjA0MTUzMDI@._V1_SX300.jpg",
  "tt1727824": "https://m.media-amazon.com/images/M/MV5BMTA2NDc3Njg5NDVeQTJeQWpwZ15BbWU4MDc1NDcxNTUz._V1_SX300.jpg",
  "tt1730768": "https://m.media-amazon.com/images/M/MV5BNTY3YmZmYmMtZjc3Zi00N2VjLWE5ZGMtN2M0ODkzOGQ5M2UyL2ltYWdlL2ltYWdlXkEyXkFqcGdeQXVyNTk1MTQ3NDI@._V1_SX300.jpg",
  "tt1798684": "https://m.media-amazon.com/images/M/MV5BMjI1MTcwODk0MV5BMl5BanBnXkFtZTgwMTgwMDM5NTE@._V1_SX300.jpg",
  "tt1823672": "https://m.media-amazon.com/images/M/MV5BMTUyNTI4NTIwNl5BMl5BanBnXkFtZTgwMjQ4MTI0NDE@._V1_SX300.jpg",
  "tt1825683": "https://m.media-amazon.com/images/M/MV5BMTg1MTY2MjYzNV5BMl5BanBnXkFtZTgwMTc4NTMwNDI@._V1_SX300.jpg",
  "tt1856101": "https://m.media-amazon.com/images/M/MV5BNzA1Njg4NzYxOV5BMl5BanBnXkFtZTgwODk5NjU3MzI@._V1_SX300.jpg",
  "tt1860242": "https://m.media-amazon.com/images/M/MV5BZmM5Y2QzOGQtNTdjZS00NDVhLThkYjItZjZiMjk4YjM0ZTUzXkEyXkFqcGdeQXVyNDg4NjY5OTQ@._V1_SX300.jpg",
  "tt1869347": "https://m.media-amazon.com/images/M/MV5BODQ3NjI2MzU4OF5BMl5BanBnXkFtZTgwNTc5NDIyNDM@._V1_SX300.jpg",
  "tt1883180": "https://m.media-amazon.com/images/M/MV5BODU3MTgxOTItMjRkYS00NDcwLTkyMDMtZGE4NTQwZWIzMzYwXkEyXkFqcGdeQXVyNzQxNDExNTU@._V1_SX300.jpg",
  "tt1895315": "https://m.media-amazon.com/images/M/MV5BNGU0Y2VkMDAtMTA0YS00YzU1LWEwNzMtZDM1MzFiNWZmMDRkXkEyXkFqcGdeQXVyMjU2OTAyMzQ@._V1_SX300.jpg",
  "tt1979376": "https://m.media-amazon.com/images/M/MV5BMTYzMDM4NzkxOV5BMl5BanBnXkFtZTgwNzM1Mzg2NzM@._V1_SX300.jpg",
  "tt2005151": "https://m.media-amazon.com/images/M/MV5BMjEyNzQ0NzM4MV5BMl5BanBnXkFtZTgwMDI0ODM2OTE@._V1_SX300.jpg",
  "tt2056771": "https://m.media-amazon.com/images/M/MV5BMTkxNzk3NzMwN15BMl5BanBnXkFtZTgwODc3ODQ4NzE@._V1_SX300.jpg",
  "tt2057392": "https://m.media-amazon.com/images/M/MV5BNTY4Nzg5MTU0OV5BMl5BanBnXkFtZTgwMjY2MjU2NzE@._V1_SX300.jpg",
  "tt2066051": "https://m.media-amazon.com/images/M/MV5BODY4MGNjN2QtN2EyOS00NmY5LThmYzMtZmUyNjUyN2VjNjlkXkEyXkFqcGdeQXVyMTQxNzMzNDI@._V1_SX300.jpg",
  "tt2080374": "https://m.media-amazon.com/images/M/MV5BMjE0NTA2MTEwOV5BMl5BanBnXkFtZTgwNzg4NzU2NjE@._V1_SX300.jpg",
  "tt2094766": "https://m.media-amazon.com/images/M/MV5BNzE1OTczNTc1OF5BMl5BanBnXkFtZTgwMzgyMDI3MDI@._V1_SX300.jpg",
  "tt2097298": "https://m.media-amazon.com/images/M/MV5BMjMwNjY2Mjk5OV5BMl5BanBnXkFtZTgwODM2NTA0MzE@._V1_SX300.jpg",
  "tt2119543": "https://m.media-amazon.com/images/M/MV5BMTk1MzM1ODEwOV5BMl5BanBnXkFtZTgwMTE0OTA4NTM@._V1_SX300.jpg",
  "tt2140479": "https://m.media-amazon.com/images/M/MV5BNDc5Mzg2NTYxNV5BMl5BanBnXkFtZTgwMjQ2ODAwOTE@._V1_SX300.jpg",
  "tt2140507": "https://m.media-amazon.com/images/M/MV5BYWIxOWU4OGUtMTY1Ny00YmY3LWFhOTgtNzk3NmExYjUwMTFmXkEyXkFqcGdeQXVyMTkxNjUyNQ@@._V1_SX300.jpg",
  "tt2217859": "https://m.media-amazon.com/images/M/MV5BMTc0MTQxMDY2OV5BMl5BanBnXkFtZTgwNTIwNTgxODE@._V1_SX300.jpg",
  "tt2226597": "https://m.media-amazon.com/images/M/MV5BNjllMWJmZTEtODA2Mi00MzY3LThiYmMtZDFjYjQ2NDM2MWJkXkEyXkFqcGdeQXVyMTMxODk2OTU@._V1_SX300.jpg",
  "tt2231461": "https://m.media-amazon.com/images/M/MV5BNDA1NjA3ODU3OV5BMl5BanBnXkFtZTgwOTg3MTIwNTM@._V1_SX300.jpg",
  "tt2267968": "https://m.media-amazon.com/images/M/MV5BMTUyNzgxNjg2M15BMl5BanBnXkFtZTgwMTY1NDI1NjE@._V1_SX300.jpg",
  "tt2283336": "https://m.media-amazon.com/images/M/MV5BMDZkODI2ZGItYTY5Yi00MTA4LWExY2ItM2ZmNjczYjM0NDg1XkEyXkFqcGdeQXVyMzY0MTE3NzU@._V1_SX300.jpg",
  "tt2316204": "https://m.media-amazon.com/images/M/MV5BYzVkMjRhNzctOGQxMC00OGE2LWJhN2EtNmYyODRiMDNlM2ZmXkEyXkFqcGdeQXVyMTMxODk2OTU@._V1_SX300.jpg",
  "tt2356777": "https://m.media-amazon.com/images/M/MV5BMTUwMGM2ZmYtZGEyZC00OWQyLWI2Y2QtMTdjYzMxZGJmNjhjXkEyXkFqcGdeQXVyNjU2ODM5MjU@._V1_SX300.jpg",
  "tt2365580": "https://m.media-amazon.com/images/M/MV5BNDZiY2MyN2ItZjYyMi00YWNiLTk3NTQtNzk3YWFlOTg1MzViXkEyXkFqcGdeQXVyODk2NDQ3MTA@._V1_SX300.jpg",
  "tt2381111": "https://m.media-amazon.com/images/M/MV5BMzE4MDk5NzEyOV5BMl5BanBnXkFtZTgwNDM4NDA3NjE@._V1_SX300.jpg",
  "tt2381249": "https://m.media-amazon.com/images/M/MV5BOTFmNDA3ZjMtN2Y0MC00NDYyLWFlY2UtNTQ4OTQxMmY1NmVjXkEyXkFqcGdeQXVyNTg4NDQ4NDY@._V1_SX300.jpg",
  "tt2392830": "https://m.media-amazon.com/images/M/MV5BZDNhNDg5ZGItMzA2YS00NDRlLWE2NTItNWQ0OGEwZGIyOTc2XkEyXkFqcGdeQXVyNDU0NjMyNTQ@._V1_SX300.jpg",
  "tt2396589": "https://m.media-amazon.com/images/M/MV5BZTg3YTEzNjYtZTY2NS00YjNmLTlhNjUtZTI2M2E5NDI4M2NjXkEyXkFqcGdeQXVyMzI3MDEzMzM@._V1_SX300.jpg",
  "tt2401878": "https://m.media-amazon.com/images/M/MV5BMTkyMzI2MzQ1N15BMl5BanBnXkFtZTgwNDg0MzQxNzE@._V1_SX300.jpg",
  "tt2402927": "https://m.media-amazon.com/images/M/MV5BMTczNTQ4OTEyNV5BMl5BanBnXkFtZTgwNDgyMDI3NjE@._V1_SX300.jpg",
  "tt2404233": "https://m.media-amazon.com/images/M/MV5BNjExODg3MDUzNl5BMl5BanBnXkFtZTgwNjExMjE3NzE@._V1_SX300.jpg",
  "tt2404435": "https://m.media-amazon.com/images/M/MV5BMTUzNTc0NTAyM15BMl5BanBnXkFtZTgwMTk1ODA5OTE@._V1_SX300.jpg",
  "tt2406566": "https://m.media-amazon.com/images/M/MV5BMjM5NDYzMzg5N15BMl5BanBnXkFtZTgwOTM2NDU1MjI@._V1_SX300.jpg",
  "tt2446980": "https://m.media-amazon.com/images/M/MV5BNzRiOWZmMzUtZTJiOC00MjQ1LTkwMjgtNzhlYzBmODAzYTA0XkEyXkFqcGdeQXVyNTIzOTk5ODM@._V1_SX300.jpg",
  "tt2452244": "https://m.media-amazon.com/images/M/MV5BZGE1NGYxOWItODdmMy00NWNhLTgxZmMtYmVjYmViMGI0NTdmXkEyXkFqcGdeQXVyNzE2MTQyMzM@._V1_SX300.jpg",
  "tt2481498": "https://m.media-amazon.com/images/M/MV5BMjM4ZjY5ZmQtNjUwYi00Yzk2LWIwNmMtYTg1NmU0MWExZTMzXkEyXkFqcGdeQXVyMTg2MDEyMzM@._V1_SX300.jpg",
  "tt2488496": "https://m.media-amazon.com/images/M/MV5BOTAzODEzNDAzMl5BMl5BanBnXkFtZTgwMDU1MTgzNzE@._V1_SX300.jpg",
  "tt2513074": "https://m.media-amazon.com/images/M/MV5BMTY1NDI1Nzg4OF5BMl5BanBnXkFtZTgwNjYxOTg4ODE@._V1_SX300.jpg",
  "tt2527336": "https://m.media-amazon.com/images/M/MV5BMjQ1MzcxNjg4N15BMl5BanBnXkFtZTgwNzgwMjY4MzI@._V1_SX300.jpg",
  "tt2531344": "https://m.media-amazon.com/images/M/MV5BMjE0ODIzNjkzMl5BMl5BanBnXkFtZTgwODQ3MzU4NDM@._V1_SX300.jpg",
  "tt2534634": "https://m.media-amazon.com/images/M/MV5BMTA2ODEwMjgtYTI2ZC00YzJjLTg4ZjktZGZmZDhiM2JkNWE4XkEyXkFqcGdeQXVyMDI2NDg0NQ@@._V1_SX300.jpg",
  "tt2543164": "https://m.media-amazon.com/images/M/MV5BMTExMzU0ODcxNDheQTJeQWpwZ15BbWU4MDE1OTI4MzAy._V1_SX300.jpg",
  "tt2548396": "https://m.media-amazon.com/images/M/MV5BMTAwOTIxMDA0MjZeQTJeQWpwZ15BbWU4MDg1MjgzNzQz._V1_SX300.jpg",
  "tt2557478": "https://m.media-amazon.com/images/M/MV5BMjI3Nzg0MTM5NF5BMl5BanBnXkFtZTgwOTE2MTgwNTM@._V1_SX300.jpg",
  "tt2582496": "https://m.media-amazon.com/images/M/MV5BNTA1NzUzNjY4MV5BMl5BanBnXkFtZTgwNDU0MDI0NTE@._V1_SX300.jpg",
  "tt2582782": "https://m.media-amazon.com/images/M/MV5BMTg4NDA1OTA5NF5BMl5BanBnXkFtZTgwMDQ2MDM5ODE@._V1_SX300.jpg",
  "tt2584384": "https://m.media-amazon.com/images/M/MV5BZjU0Yzk2MzEtMjAzYy00MzY0LTg2YmItM2RkNzdkY2ZhN2JkXkEyXkFqcGdeQXVyNDg4NjY5OTQ@._V1_SX300.jpg",
  "tt2649554": "https://m.media-amazon.com/images/M/MV5BMTUwNDcyNzkyOV5BMl5BanBnXkFtZTgwNzI1NzkyNzE@._V1_SX300.jpg",
  "tt2671706": "https://m.media-amazon.com/images/M/MV5BOTg0Nzc1NjA0MV5BMl5BanBnXkFtZTgwNTcyNDQ0MDI@._V1_SX300.jpg",
  "tt2704998": "https://m.media-amazon.com/images/M/MV5BMjI3ODkzNDk5MF5BMl5BanBnXkFtZTgwNTEyNjY2NDM@._V1_SX300.jpg",
  "tt2709692": "https://m.media-amazon.com/images/M/MV5BYmE5Yjg0MzktYzgzMi00YTFiLWJjYTItY2M5MmI1ODI4MDY3XkEyXkFqcGdeQXVyMTMxODk2OTU@._V1_SX300.jpg",
  "tt2763304": "https://m.media-amazon.com/images/M/MV5BMjI0MTE1ODkzMl5BMl5BanBnXkFtZTgwMTQ1MTg5MDI@._V1_SX300.jpg",
  "tt2771200": "https://m.media-amazon.com/images/M/MV5BMTUwNjUxMTM4NV5BMl5BanBnXkFtZTgwODExMDQzMTI@._V1_SX300.jpg",
  "tt2798920": "https://m.media-amazon.com/images/M/MV5BMTk2Mjc2NzYxNl5BMl5BanBnXkFtZTgwMTA2OTA1NDM@._V1_SX300.jpg",
  "tt2815902": "https://m.media-amazon.com/images/M/MV5BMTQ3NTU5ODMzNV5BMl5BanBnXkFtZTgwNTM5NTEzOTE@._V1_SX300.jpg",
  "tt2823054": "https://m.media-amazon.com/images/M/MV5BMjM4NDIxNzI5Nl5BMl5BanBnXkFtZTgwMTg4NTY5NzE@._V1_SX300.jpg",
  "tt2854926": "https://m.media-amazon.com/images/M/MV5BNzk4NDM3NjkwNF5BMl5BanBnXkFtZTgwNTk5MzkzNTM@._V1_SX300.jpg",
  "tt2870648": "https://m.media-amazon.com/images/M/MV5BMTQ1MzE4MTE3OF5BMl5BanBnXkFtZTgwOTcyNDM3NTE@._V1_SX300.jpg",
  "tt2872518": "https://m.media-amazon.com/images/M/MV5BMjI3MDMxNzcxNl5BMl5BanBnXkFtZTgwODc4MzkwOTE@._V1_SX300.jpg",
  "tt2872750": "https://m.media-amazon.com/images/M/MV5BOTc1ODY5MTQ1Nl5BMl5BanBnXkFtZTgwMDM5ODI1NjE@._V1_SX300.jpg",
  "tt2873282": "https://m.media-amazon.com/images/M/MV5BMTA3MDkxOTc4NDdeQTJeQWpwZ15BbWU4MDAxNzgyNTQz._V1_SX300.jpg",
  "tt2884018": "https://m.media-amazon.com/images/M/MV5BNzgyNDczMjU4NV5BMl5BanBnXkFtZTgwMTUwMDI3NjE@._V1_SX300.jpg",
  "tt2935510": "https://m.media-amazon.com/images/M/MV5BZTllZTdlOGEtZTBmMi00MGQ5LWFjN2MtOGEyZTliNGY1MzFiXkEyXkFqcGdeQXVyODk4OTc3MTY@._V1_SX300.jpg",
  "tt2937696": "https://m.media-amazon.com/images/M/MV5BMTk2NDcyNDE5N15BMl5BanBnXkFtZTgwNDA0MzQ1NzE@._V1_SX300.jpg",
  "tt2948356": "https://m.media-amazon.com/images/M/MV5BOTMyMjEyNzIzMV5BMl5BanBnXkFtZTgwNzIyNjU0NzE@._V1_SX300.jpg",
  "tt2975590": "https://m.media-amazon.com/images/M/MV5BYThjYzcyYzItNTVjNy00NDk0LTgwMWQtYjMwNmNlNWJhMzMyXkEyXkFqcGdeQXVyMTQxNzMzNDI@._V1_SX300.jpg",
  "tt3040964": "https://m.media-amazon.com/images/M/MV5BMTc3NTUzNTI4MV5BMl5BanBnXkFtZTgwNjU0NjU5NzE@._V1_SX300.jpg",
  "tt3065132": "https://m.media-amazon.com/images/M/MV5BMjQwODg2NDIyN15BMl5BanBnXkFtZTgwMTI4NDMwNjE@._V1_SX300.jpg",
  "tt3072482": "https://m.media-amazon.com/images/M/MV5BNjIzNTcwMDc3Nl5BMl5BanBnXkFtZTgwNzU5NTY5NzE@._V1_SX300.jpg",
  "tt3076658": "https://m.media-amazon.com/images/M/MV5BODg5NDM1MDI4NF5BMl5BanBnXkFtZTgwMzg0MzQxNzE@._V1_SX300.jpg",
  "tt3080844": "https://m.media-amazon.com/images/M/MV5BNjE1ODQ3ODA2M15BMl5BanBnXkFtZTgwNTM2MjYzODE@._V1_SX300.jpg",
  "tt3104988": "https://m.media-amazon.com/images/M/MV5BMTYxNDMyOTAxN15BMl5BanBnXkFtZTgwMDg1ODYzNTM@._V1_SX300.jpg",
  "tt3183660": "https://m.media-amazon.com/images/M/MV5BMjMxOTM1OTI4MV5BMl5BanBnXkFtZTgwODE5OTYxMDI@._V1_SX300.jpg",
  "tt3201640": "https://m.media-amazon.com/images/M/MV5BMTU5OTYzMzcwOF5BMl5BanBnXkFtZTgwNTkzMzk4NTM@._V1_SX300.jpg",
  "tt3203606": "https://m.media-amazon.com/images/M/MV5BMjM1MDc2OTQ3NV5BMl5BanBnXkFtZTgwNzQ0NjQ1NjE@._V1_SX300.jpg",
  "tt3205376": "https://m.media-amazon.com/images/M/MV5BNTYxNDA5ODk5NF5BMl5BanBnXkFtZTgwNzMwMzIwNTE@._V1_SX300.jpg",
  "tt3224458": "https://m.media-amazon.com/images/M/MV5BYTc1OWFmZDYtNDkzMy00ZjM2LTkxZDItM2E3ZTg3NTE1ZWE2XkEyXkFqcGdeQXVyMTkxNjUyNQ@@._V1_SX300.jpg",
  "tt3262342": "https://m.media-amazon.com/images/M/MV5BMTU3NjE2NjgwN15BMl5BanBnXkFtZTgwNDYzMzEwMzI@._V1_SX300.jpg",
  "tt3263904": "https://m.media-amazon.com/images/M/MV5BY2NmZDAwM2QtZmFiMS00OTJlLTgxMTItZDMyZmVhYjE1MDY3XkEyXkFqcGdeQXVyMTMxODk2OTU@._V1_SX300.jpg",
  "tt3278330": "https://m.media-amazon.com/images/M/MV5BOTBiY2U2MTctNTA4Ni00MDBkLTk5MjItZWUxNDk5YmFlMTliL2ltYWdlXkEyXkFqcGdeQXVyNDUxNjc5NjY@._V1_SX300.jpg",
  "tt3296908": "https://m.media-amazon.com/images/M/MV5BMWZkZjRkOTYtMmVhZC00NGFhLWE0ZmUtOGFhOTg4ZmRkNDY3XkEyXkFqcGdeQXVyMTMxODk2OTU@._V1_SX300.jpg",
  "tt3312830": "https://m.media-amazon.com/images/M/MV5BMjI2OTk5MzYyMl5BMl5BanBnXkFtZTgwMzY1MjE3NjE@._V1_SX300.jpg",
  "tt3319730": "https://m.media-amazon.com/images/M/MV5BMjEzODQ5NjA3OF5BMl5BanBnXkFtZTgwMzI4MjkxNDM@._V1_SX300.jpg",
  "tt3397884": "https://m.media-amazon.com/images/M/MV5BMjA5NjM3NTk1M15BMl5BanBnXkFtZTgwMzg1MzU2NjE@._V1_SX300.jpg",
  "tt3402236": "https://m.media-amazon.com/images/M/MV5BMTAxNDkxODIyMDZeQTJeQWpwZ15BbWU4MDQ2Mjg4NDIy._V1_SX300.jpg",
  "tt3422078": "https://m.media-amazon.com/images/M/MV5BZTg1ZWIxODItY2ZjMC00MzMzLTgwMDctNTlmY2YzNjM3NzhmXkEyXkFqcGdeQXVyMTMxODk2OTU@._V1_SX300.jpg",
  "tt3450958": "https://m.media-amazon.com/images/M/MV5BNDNmYTQzMDEtMmY0MS00OTNjLTk4MjItMDZhMzkzOGI3MzA0XkEyXkFqcGdeQXVyNjk5NDA3OTk@._V1_SX300.jpg",
  "tt3460252": "https://m.media-amazon.com/images/M/MV5BMjA1MTc1NTg5NV5BMl5BanBnXkFtZTgwOTM2MDEzNzE@._V1_SX300.jpg",
  "tt3464902": "https://m.media-amazon.com/images/M/MV5BNDQ1NDE5NzQ1NF5BMl5BanBnXkFtZTgwNzA5OTM2NTE@._V1_SX300.jpg",
  "tt3488710": "https://m.media-amazon.com/images/M/MV5BNTY4MzA4Mzc5Nl5BMl5BanBnXkFtZTgwNDIzMzk5NjE@._V1_SX300.jpg",
  "tt3498820": "https://m.media-amazon.com/images/M/MV5BMjQ0MTgyNjAxMV5BMl5BanBnXkFtZTgwNjUzMDkyODE@._V1_SX300.jpg",
  "tt3501632": "https://m.media-amazon.com/images/M/MV5BMjMyNDkzMzI1OF5BMl5BanBnXkFtZTgwODcxODg5MjI@._V1_SX300.jpg",
  "tt3513498": "https://m.media-amazon.com/images/M/MV5BMTkyOTkwNDc1N15BMl5BanBnXkFtZTgwNzkyMzk3NjM@._V1_SX300.jpg",
  "tt3513548": "https://m.media-amazon.com/images/M/MV5BOTFlODg1MTEtZTJhOC00OTY1LWE0YzctZjRlODdkYWY5ZDM4XkEyXkFqcGdeQXVyNjU1NzU3MzE@._V1_SX300.jpg",
  "tt3521126": "https://m.media-amazon.com/images/M/MV5BOGNkMzliMGMtMDI5Ni00OTZkLTgyMTYtNzk5ZTY1NjVhYjVmXkEyXkFqcGdeQXVyNTAzMTY4MDA@._V1_SX300.jpg",
  "tt3529656": "https://m.media-amazon.com/images/M/MV5BM2VkOTIxNWQtNGM4MS00ZTllLTk2NjMtOWZkNWY0YzM4YjJlXkEyXkFqcGdeQXVyMTMxMTY0OTQ@._V1_SX300.jpg",
  "tt3544082": "https://m.media-amazon.com/images/M/MV5BMTgxMTQ4NzMyN15BMl5BanBnXkFtZTgwODA0MTgyNzE@._V1_SX300.jpg",
  "tt3569230": "https://m.media-amazon.com/images/M/MV5BMDQ4MGY0NWUtY2MxOC00YzI5LTg0OTEtZjNmY2Q2ZmM0MTA1XkEyXkFqcGdeQXVyNTQzOTc3MTI@._V1_SX300.jpg",
  "tt3603942": "https://m.media-amazon.com/images/M/MV5BMTg0MjkyMDQ2MV5BMl5BanBnXkFtZTgwMDUxNjc2NzE@._V1_SX300.jpg",
  "tt3606756": "https://m.media-amazon.com/images/M/MV5BMTEzNzY0OTg0NTdeQTJeQWpwZ15BbWU4MDU3OTg3MjUz._V1_SX300.jpg",
  "tt3659388": "https://m.media-amazon.com/images/M/MV5BMTc2MTQ3MDA1Nl5BMl5BanBnXkFtZTgwODA3OTI4NjE@._V1_SX300.jpg",
  "tt3682448": "https://m.media-amazon.com/images/M/MV5BMjIxOTI0MjU5NV5BMl5BanBnXkFtZTgwNzM4OTk4NTE@._V1_SX300.jpg",
  "tt3704050": "https://m.media-amazon.com/images/M/MV5BMjM3OTY3Njc1OV5BMl5BanBnXkFtZTgwNDY0MzE1NzE@._V1_SX300.jpg",
  "tt3715320": "https://m.media-amazon.com/images/M/MV5BMjE2NTM0Mzk5Ml5BMl5BanBnXkFtZTgwMzQ3Njc3NTE@._V1_SX300.jpg",
  "tt3717804": "https://m.media-amazon.com/images/M/MV5BMWQ4Y2U5YjEtMTY5Mi00NDhjLWE4MmItNzFmZjM2YmMxMWU5XkEyXkFqcGdeQXVyMjY5OTA3NjM@._V1_SX300.jpg",
  "tt3719948": "https://m.media-amazon.com/images/M/MV5BMTg0OTg4M2EtZTAxMC00N2I0LTg1NTktMTAyNDRlMjhjZDg0XkEyXkFqcGdeQXVyNjU0ODE3MDc@._V1_SX300.jpg",
  "tt3741700": "https://m.media-amazon.com/images/M/MV5BOGFjYWNkMTMtMTg1ZC00Y2I4LTg0ZTYtN2ZlMzI4MGQwNzg4XkEyXkFqcGdeQXVyMTkxNjUyNQ@@._V1_SX300.jpg",
  "tt3746250": "https://m.media-amazon.com/images/M/MV5BMjAwODg5NjA2NF5BMl5BanBnXkFtZTgwNDU0NDI2NjE@._V1_SX300.jpg",
  "tt3748172": "https://m.media-amazon.com/images/M/MV5BMzg0NGE0N2MtYTg1My00NTBkLWI5NjEtZTgyMDA0MTU4MmIyXkEyXkFqcGdeQXVyMTU2NTcyMg@@._V1_SX300.jpg",
  "tt3748528": "https://m.media-amazon.com/images/M/MV5BMjEwMzMxODIzOV5BMl5BanBnXkFtZTgwNzg3OTAzMDI@._V1_SX300.jpg",
  "tt3766354": "https://m.media-amazon.com/images/M/MV5BMTU2OTYzODQyMF5BMl5BanBnXkFtZTgwNjU3Njk5NTM@._V1_SX300.jpg",
  "tt3778644": "https://m.media-amazon.com/images/M/MV5BOTM2NTI3NTc3Nl5BMl5BanBnXkFtZTgwNzM1OTQyNTM@._V1_SX300.jpg",
  "tt3783958": "https://m.media-amazon.com/images/M/MV5BMzUzNDM2NzM2MV5BMl5BanBnXkFtZTgwNTM3NTg4OTE@._V1_SX300.jpg",
  "tt3799232": "https://m.media-amazon.com/images/M/MV5BNjQ0Mzk0OTE5MF5BMl5BanBnXkFtZTgwNDkyOTI0NTM@._V1_SX300.jpg",
  "tt3799694": "https://m.media-amazon.com/images/M/MV5BMjcwNDA5MDYyNl5BMl5BanBnXkFtZTgwNjg0NDkzNzE@._V1_SX300.jpg",
  "tt3808342": "https://m.media-amazon.com/images/M/MV5BMjFmMzJlMTYtYmRlNy00Zjg5LThmYmYtYmE0NDk3N2MzMjRhXkEyXkFqcGdeQXVyMjc3MTAwNjg@._V1_SX300.jpg",
  "tt3822818": "https://m.media-amazon.com/images/M/MV5BYTEwODI2ZjQtMGIyNy00NDJlLWE1YjUtZDE1M2ZlZjI1YmFhXkEyXkFqcGdeQXVyMjMyNzM4OTA@._V1_SX300.jpg",
  "tt3824458": "https://m.media-amazon.com/images/M/MV5BMjEzNzY2NjYwOV5BMl5BanBnXkFtZTgwOTY1MDU1NTE@._V1_SX300.jpg",
  "tt3829266": "https://m.media-amazon.com/images/M/MV5BMjM5MDk2NDIxMF5BMl5BanBnXkFtZTgwNjU5NDk3NTM@._V1_SX300.jpg",
  "tt3846674": "https://m.media-amazon.com/images/M/MV5BMjQ3NjM5MTAzN15BMl5BanBnXkFtZTgwODQzMDAwNjM@._V1_SX300.jpg",
  "tt3850214": "https://m.media-amazon.com/images/M/MV5BMjA3MjYyNTk0Nl5BMl5BanBnXkFtZTgwODc1NzQ1NTE@._V1_SX300.jpg",
  "tt3859076": "https://m.media-amazon.com/images/M/MV5BMzkxNjU2MzMzOF5BMl5BanBnXkFtZTgwOTA3Mjg4NjE@._V1_SX300.jpg",
  "tt3864056": "https://m.media-amazon.com/images/M/MV5BY2ZmNmUzNTctYTA3Mi00ZTg3LWFmMWMtYzU2ZjA3NDRmODIzXkEyXkFqcGdeQXVyMTkxNjUyNQ@@._V1_SX300.jpg",
  "tt3877674": "https://m.media-amazon.com/images/M/MV5BMTcwMjI0OTgxM15BMl5BanBnXkFtZTgwNDg3MzczODE@._V1_SX300.jpg",
  "tt3882082": "https://m.media-amazon.com/images/M/MV5BMTc1MjcxNzcwMV5BMl5BanBnXkFtZTgwMTE0NTE2NzE@._V1_SX300.jpg",
  "tt3890160": "https://m.media-amazon.com/images/M/MV5BMjM3MjQ1MzkxNl5BMl5BanBnXkFtZTgwODk1ODgyMjI@._V1_SX300.jpg",
  "tt3896198": "https://m.media-amazon.com/images/M/MV5BNjM0NTc0NzItM2FlYS00YzEwLWE0YmUtNTA2ZWIzODc2OTgxXkEyXkFqcGdeQXVyNTgwNzIyNzg@._V1_SX300.jpg",
  "tt3906082": "https://m.media-amazon.com/images/M/MV5BNzUyM2EzOTEtOTMwMi00NzMwLWEyYTAtZGYxYzMyZDgyNGUyXkEyXkFqcGdeQXVyODY3Nzc0OTk@._V1_SX300.jpg",
  "tt3920596": "https://m.media-amazon.com/images/M/MV5BZmNjYzdjN2ItOTBlNy00Mjc0LWE4YmMtYTQ4ZjQzNTMyNDc4XkEyXkFqcGdeQXVyMTkxNjUyNQ@@._V1_SX300.jpg",
  "tt3960412": "https://m.media-amazon.com/images/M/MV5BMjMxMzk2ODI4N15BMl5BanBnXkFtZTgwNzgzNzQ5ODE@._V1_SX300.jpg",
  "tt3967856": "https://m.media-amazon.com/images/M/MV5BMjQxMTcxNDgxN15BMl5BanBnXkFtZTgwOTczNTIzMjI@._V1_SX300.jpg",
  "tt4025514": "https://m.media-amazon.com/images/M/MV5BYzhmZTViMzktNjE5MC00MjIxLTkzYjctNDZjNmQ5YWI5MGEwXkEyXkFqcGdeQXVyMTYzMDM0NTU@._V1_SX300.jpg",
  "tt4034228": "https://m.media-amazon.com/images/M/MV5BMTYxMjk0NDg4Ml5BMl5BanBnXkFtZTgwODcyNjA5OTE@._V1_SX300.jpg",
  "tt4062536": "https://m.media-amazon.com/images/M/MV5BMjU1ODQ5NzA0N15BMl5BanBnXkFtZTgwMDg5MTA5NzE@._V1_SX300.jpg",
  "tt4068576": "https://m.media-amazon.com/images/M/MV5BNjVmZmY1NmQtMWNhZS00ZDUwLTk5ZTQtZGE4NWIyM2YwMDRiXkEyXkFqcGdeQXVyODY3Nzc0OTk@._V1_SX300.jpg",
  "tt4076756": "https://m.media-amazon.com/images/M/MV5BMTg2NzQ1MjUwNl5BMl5BanBnXkFtZTgwNDQwMjc5NTE@._V1_SX300.jpg",
  "tt4080956": "https://m.media-amazon.com/images/M/MV5BMzU5NzhlOGYtODE0YS00ZmUxLWI2YzctNTM0ZWNjMmJjMjBkXkEyXkFqcGdeQXVyNTAzMTY4MDA@._V1_SX300.jpg",
  "tt4094724": "https://m.media-amazon.com/images/M/MV5BMjMxNzk2OTQ1OV5BMl5BanBnXkFtZTgwMTI2NjU5ODE@._V1_SX300.jpg",
  "tt4123430": "https://m.media-amazon.com/images/M/MV5BYWVlMDI5N2UtZTIyMC00NjZkLWI5Y2QtODM5NGE5MzA0NmVjXkEyXkFqcGdeQXVyNzU3NjUxMzE@._V1_SX300.jpg",
  "tt4126304": "https://m.media-amazon.com/images/M/MV5BMjE1MzI2MzcxOV5BMl5BanBnXkFtZTgwNTE2Mjk4NTE@._V1_SX300.jpg",
  "tt4154664": "https://m.media-amazon.com/images/M/MV5BMTE0YWFmOTMtYTU2ZS00ZTIxLWE3OTEtYTNiYzBkZjViZThiXkEyXkFqcGdeQXVyODMzMzQ4OTI@._V1_SX300.jpg",
  "tt4160708": "https://m.media-amazon.com/images/M/MV5BZGI5ZTU2M2YtZWY4MC00ZDFhLTliYTItZTk1NjdlN2NkMzg2XkEyXkFqcGdeQXVyMjY5ODI4NDk@._V1_SX300.jpg",
  "tt4172430": "https://m.media-amazon.com/images/M/MV5BYjY0OWVjMGQtNTIzZi00OGU5LWI4N2EtMGU0YzQ4OWM4ZmVhXkEyXkFqcGdeQXVyMTMxODk2OTU@._V1_SX300.jpg",
  "tt4188202": "https://m.media-amazon.com/images/M/MV5BMTg2MTI0MjQ5OV5BMl5BanBnXkFtZTgwNDIxMjczNDE@._V1_SX300.jpg",
  "tt4196776": "https://m.media-amazon.com/images/M/MV5BNGJlYjVkMjQtN2NlZC00NTJhLThmZjItMTRlZDczMmE3YmI3XkEyXkFqcGdeQXVyMzI0NDc4ODY@._V1_SX300.jpg",
  "tt4209788": "https://m.media-amazon.com/images/M/MV5BNTkzMzRlYjEtMTQ5Yi00OWY3LWI0NzYtNGQ4ZDkzZTU0M2IwXkEyXkFqcGdeQXVyMTMxODk2OTU@._V1_SX300.jpg",
  "tt4218572": "https://m.media-amazon.com/images/M/MV5BMjM3ODc5NDEyOF5BMl5BanBnXkFtZTgwMTI4MDcxNjM@._V1_SX300.jpg",
  "tt4226388": "https://m.media-amazon.com/images/M/MV5BMTc5NzQzNjk2NF5BMl5BanBnXkFtZTgwODU0MjI5NjE@._V1_SX300.jpg",
  "tt4238858": "https://m.media-amazon.com/images/M/MV5BMTk4OTY4MDg4Nl5BMl5BanBnXkFtZTgwMTE1MTU3ODE@._V1_SX300.jpg",
  "tt4244998": "https://m.media-amazon.com/images/M/MV5BODI4OTk1ODY3N15BMl5BanBnXkFtZTgwMDI1MTcwNjM@._V1_SX300.jpg",
  "tt4247618": "https://m.media-amazon.com/images/M/MV5BNDFmYThjMzQtYjEzYi00MmU4LTkwMTktMjRjNjk5YTNkYmM5XkEyXkFqcGdeQXVyMTExNDQ2MTI@._V1_SX300.jpg",
  "tt4257858": "https://m.media-amazon.com/images/M/MV5BZjYxYTA0MWQtYWViYi00YmRhLWEzNzctMDkwMGQ5ODFmM2FjXkEyXkFqcGdeQXVyMTQxNzMzNDI@._V1_SX300.jpg",
  "tt4263482": "https://m.media-amazon.com/images/M/MV5BMTUyNzkwMzAxOF5BMl5BanBnXkFtZTgwMzc1OTk1NjE@._V1_SX300.jpg",
  "tt4276820": "https://m.media-amazon.com/images/M/MV5BMzExNDg0MDk1M15BMl5BanBnXkFtZTgwNzE1Mjg0MDI@._V1_SX300.jpg",
  "tt4299972": "https://m.media-amazon.com/images/M/MV5BMjI0OTc3MzY5Ml5BMl5BanBnXkFtZTgwNjk3MDUyNDE@._V1_SX300.jpg",
  "tt4302938": "https://m.media-amazon.com/images/M/MV5BMjA2Mzg2NDMzNl5BMl5BanBnXkFtZTgwMjcwODUzOTE@._V1_SX300.jpg",
  "tt4329800": "https://m.media-amazon.com/images/M/MV5BMTU1NzE3NjczOV5BMl5BanBnXkFtZTgwNzk4NjY5NTE@._V1_SX300.jpg",
  "tt4331620": "https://m.media-amazon.com/images/M/MV5BZmQ5MTliNjEtYzNjMS00MGJlLTg1ZmQtYjk0MGJkZDA3ODhhXkEyXkFqcGdeQXVyNTA3MzY1Mzc@._V1_SX300.jpg",
  "tt4358230": "https://m.media-amazon.com/images/M/MV5BNjg2YjA2ODctZjFhZS00OWQ2LTkwMWYtOTAyYWNjMjYyOGY5L2ltYWdlXkEyXkFqcGdeQXVyMTc4MzI2NQ@@._V1_SX300.jpg",
  "tt4364194": "https://m.media-amazon.com/images/M/MV5BOWVmZGQ0MGYtMDI1Yy00MDkxLWJiYjQtMmZjZmQ0NDFmMDRhXkEyXkFqcGdeQXVyNjg3MDMxNzU@._V1_SX300.jpg",
  "tt4374460": "https://m.media-amazon.com/images/M/MV5BNTgxNjA5MDkzNF5BMl5BanBnXkFtZTgwMTUyNzA5NDE@._V1_SX300.jpg",
  "tt4375438": "https://m.media-amazon.com/images/M/MV5BMTY2OTE4NTUzMl5BMl5BanBnXkFtZTgwNDY3NzA1NzE@._V1_SX300.jpg",
  "tt4400994": "https://m.media-amazon.com/images/M/MV5BMTk0Nzg0NzU0Ml5BMl5BanBnXkFtZTgwOTkwMjY5MzI@._V1_SX300.jpg",
  "tt4411596": "https://m.media-amazon.com/images/M/MV5BMzY0YTFlNjMtNDk5MS00MmIxLWJkNjYtZWQwYzk5NjZkZTc1XkEyXkFqcGdeQXVyNDcxNzU3MTE@._V1_SX300.jpg",
  "tt4411838": "N/A",
  "tt4425200": "https://m.media-amazon.com/images/M/MV5BMjE2NDkxNTY2M15BMl5BanBnXkFtZTgwMDc2NzE0MTI@._V1_SX300.jpg",
  "tt4438848": "https://m.media-amazon.com/images/M/MV5BMTY0NzUxMDUzN15BMl5BanBnXkFtZTgwNzI2MTY4ODE@._V1_SX300.jpg",
  "tt4468740": "https://m.media-amazon.com/images/M/MV5BMmYwNWZlNzEtNjE4Zi00NzQ4LWI2YmUtOWZhNzZhZDYyNmVmXkEyXkFqcGdeQXVyNzYzODM3Mzg@._V1_SX300.jpg",
  "tt4477536": "https://m.media-amazon.com/images/M/MV5BMTYxOTQ1MzI0Nl5BMl5BanBnXkFtZTgwMzgwMzIxNDM@._V1_SX300.jpg",
  "tt4481414": "https://m.media-amazon.com/images/M/MV5BMjQ2NDU3NDE0M15BMl5BanBnXkFtZTgwMjA3OTg0MDI@._V1_SX300.jpg",
  "tt4489416": "https://m.media-amazon.com/images/M/MV5BZjE3MGYyM2QtMzgzZS00OGQ5LWE2MjAtMWEyMDk5YzhhZWU0XkEyXkFqcGdeQXVyNjU1ODkwMjU@._V1_SX300.jpg",
  "tt4494718": "https://m.media-amazon.com/images/M/MV5BMjM0Nzk3NDE5OF5BMl5BanBnXkFtZTgwNjQyODA5NDM@._V1_SX300.jpg",
  "tt4500584": "https://m.media-amazon.com/images/M/MV5BMTcwMTgxNDk2MV5BMl5BanBnXkFtZTgwOTk3MDQzNTE@._V1_SX300.jpg",
  "tt4500922": "https://m.media-amazon.com/images/M/MV5BMTYyNzk3MDc2NF5BMl5BanBnXkFtZTgwMDk3OTM1NDM@._V1_SX300.jpg",
  "tt4504044": "https://m.media-amazon.com/images/M/MV5BYTQxNTMwMmUtMWRkYi00MTRmLTgyYWItYTYwNGZkMWZmMzQ2XkEyXkFqcGdeQXVyMjM4NTM5NDY@._V1_SX300.jpg",
  "tt4511200": "https://m.media-amazon.com/images/M/MV5BNjU5MzA4YjMtOGQ4NS00MjAzLWEyOTUtMGQ0OTE5MjgxY2JmXkEyXkFqcGdeQXVyMTMxODk2OTU@._V1_SX300.jpg",
  "tt4518352": "https://m.media-amazon.com/images/M/MV5BMjQ0MTE4NTYxMV5BMl5BanBnXkFtZTgwNTY3NDY3NzE@._V1_SX300.jpg",
  "tt4530422": "https://m.media-amazon.com/images/M/MV5BYTUzYmJlNDgtMzM2ZS00N2ZkLWJjY2ItNzM0ZmVjMWU5OTA3XkEyXkFqcGdeQXVyMjQwMDg0Ng@@._V1_SX300.jpg",
  "tt4532826": "https://m.media-amazon.com/images/M/MV5BOGQzZDM0NGUtZGE1NS00ZjQwLTk0N2EtMWI0NTgxYTkwYWQ4XkEyXkFqcGdeQXVyNDMzMzI5MjM@._V1_SX300.jpg",
  "tt4555426": "https://m.media-amazon.com/images/M/MV5BNTU4MjMwOTgyMV5BMl5BanBnXkFtZTgwODQzNjY2NDM@._V1_SX300.jpg",
  "tt4560436": "https://m.media-amazon.com/images/M/MV5BNzUyODk4OTkxNF5BMl5BanBnXkFtZTgwMzY0MDgzNTM@._V1_SX300.jpg",
  "tt4572514": "https://m.media-amazon.com/images/M/MV5BODYxMDc0NTg2Nl5BMl5BanBnXkFtZTgwNjY0NDYzOTE@._V1_SX300.jpg",
  "tt4575576": "https://m.media-amazon.com/images/M/MV5BMjAzOTM2OTAyNF5BMl5BanBnXkFtZTgwNTg5ODg1NTM@._V1_SX300.jpg",
  "tt4652650": "https://m.media-amazon.com/images/M/MV5BMTU3MzUzMjIxMV5BMl5BanBnXkFtZTgwODY5MTIzNDM@._V1_SX300.jpg",
  "tt4695012": "https://m.media-amazon.com/images/M/MV5BMjQ3MDA0ODA2N15BMl5BanBnXkFtZTgwNzg0NzgwMjI@._V1_SX300.jpg",
  "tt4701182": "https://m.media-amazon.com/images/M/MV5BMjUwNjU5NDMyNF5BMl5BanBnXkFtZTgwNzgxNjM2NzM@._V1_SX300.jpg",
  "tt4714782": "https://m.media-amazon.com/images/M/MV5BN2JhYTViMGUtMTU0Ni00MzU5LWE0ZmYtNDk2YTdmOTI5MTFjXkEyXkFqcGdeQXVyNTIyODMzMzA@._V1_SX300.jpg",
  "tt4731136": "https://m.media-amazon.com/images/M/MV5BMTg5Njg1MzIwNl5BMl5BanBnXkFtZTgwNDU1NjczMDI@._V1_SX300.jpg",
  "tt4733640": "https://m.media-amazon.com/images/M/MV5BNDU5YzgyOGYtNTFjMi00Mzg4LWFhODMtMjY3OWM0ZjM0YTVkXkEyXkFqcGdeQXVyMzQwMTY2Nzk@._V1_SX300.jpg",
  "tt4768776": "https://m.media-amazon.com/images/M/MV5BMTUwMjY3OTE5OF5BMl5BanBnXkFtZTgwMzgwMDY2ODE@._V1_SX300.jpg",
  "tt4776998": "https://m.media-amazon.com/images/M/MV5BYTI5NmI0N2UtOWQyOC00MDg2LWI5YWUtNWEwZTgyM2VlYThmXkEyXkFqcGdeQXVyMTk1MDM0OTc@._V1_SX300.jpg",
  "tt4779682": "https://m.media-amazon.com/images/M/MV5BMTAxMGRmODYtM2NkYS00ZGRlLWE1MWItYjI1MzIwNjQwN2RiXkEyXkFqcGdeQXVyMTMxODk2OTU@._V1_SX300.jpg",
  "tt4786282": "https://m.media-amazon.com/images/M/MV5BMTg1OTkxNDgyMV5BMl5BanBnXkFtZTgwMjEzNTc0ODE@._V1_SX300.jpg",
  "tt4805316": "https://m.media-amazon.com/images/M/MV5BMTEzNDk1MzM4MDleQTJeQWpwZ15BbWU4MDM2NTI4ODEy._V1_SX300.jpg",
  "tt4817256": "https://m.media-amazon.com/images/M/MV5BYWJkMmY3NzItYWU3OC00ZWFhLWFmOGUtMmU3MWJkNTRjMzg5XkEyXkFqcGdeQXVyMTEyNzM2MDg@._V1_SX300.jpg",
  "tt4846232": "https://m.media-amazon.com/images/M/MV5BNGQ3Y2VjNmUtMDdiMC00YTE1LWI5NmUtZDIzMTJmODQyNDU4XkEyXkFqcGdeQXVyNTAzMTY4MDA@._V1_SX300.jpg",
  "tt4874696": "https://m.media-amazon.com/images/M/MV5BNDY5MDgxMDY3Nl5BMl5BanBnXkFtZTgwMTYwMDI0NjE@._V1_SX300.jpg",
  "tt4881806": "https://m.media-amazon.com/images/M/MV5BNzIxMjYwNDEwN15BMl5BanBnXkFtZTgwMzk5MDI3NTM@._V1_SX300.jpg",
  "tt4897822": "https://m.media-amazon.com/images/M/MV5BMTU3MjI2ODkzMF5BMl5BanBnXkFtZTgwMjkzMjY5NzE@._V1_SX300.jpg",
  "tt4901304": "https://m.media-amazon.com/images/M/MV5BMTQ5MTk5NTgyMV5BMl5BanBnXkFtZTgwNDI0NTY4MDI@._V1_SX300.jpg",
  "tt4912910": "https://m.media-amazon.com/images/M/MV5BNjRlZmM0ODktY2RjNS00ZDdjLWJhZGYtNDljNWZkMGM5MTg0XkEyXkFqcGdeQXVyNjAwMjI5MDk@._V1_SX300.jpg",
  "tt4913966": "https://m.media-amazon.com/images/M/MV5BNjU4NjU4ZDktOTg2Ny00MWI2LThiMTAtMGFkZGE1MWI5MzhjXkEyXkFqcGdeQXVyODQxMTI4MjM@._V1_SX300.jpg",
  "tt4925292": "https://m.media-amazon.com/images/M/MV5BODhkZGE0NDQtZDc0Zi00YmQ4LWJiNmUtYTY1OGM1ODRmNGVkXkEyXkFqcGdeQXVyMTMxODk2OTU@._V1_SX300.jpg",
  "tt4929038": "https://m.media-amazon.com/images/M/MV5BNTY4ODY2OGUtYTc4OC00OTE5LWFhZTMtOGQ4ZmRmNTRiZjFlXkEyXkFqcGdeQXVyMTU2NjUwNTg@._V1_SX300.jpg",
  "tt4935158": "https://m.media-amazon.com/images/M/MV5BMTU0ODgwMjA1OV5BMl5BanBnXkFtZTgwMTA0ODM2OTE@._V1_SX300.jpg",
  "tt4935446": "https://m.media-amazon.com/images/M/MV5BZGI1YTg4MjQtYjlhNy00MWQ3LWI3YjgtYzgwYTk5YmMwMjgxXkEyXkFqcGdeQXVyMTMxMTY0OTQ@._V1_SX300.jpg",
  "tt4954522": "https://m.media-amazon.com/images/M/MV5BMjc2YzM3OWUtYjdiYy00N2RiLWFiMjItYTljMmU2MGU0OGUwXkEyXkFqcGdeQXVyMTMxODk2OTU@._V1_SX300.jpg",
  "tt4975722": "https://m.media-amazon.com/images/M/MV5BNzQxNTIyODAxMV5BMl5BanBnXkFtZTgwNzQyMDA3OTE@._V1_SX300.jpg",
  "tt4978710": "https://m.media-amazon.com/images/M/MV5BMzU2NDI1NTEwNF5BMl5BanBnXkFtZTgwMjEwNTIwMzI@._V1_SX300.jpg",
  "tt4986098": "https://m.media-amazon.com/images/M/MV5BMjE4NDc5MDU2NV5BMl5BanBnXkFtZTgwNDI1ODEyNTM@._V1_SX300.jpg",
  "tt5013056": "https://m.media-amazon.com/images/M/MV5BN2YyZjQ0NTEtNzU5MS00NGZkLTg0MTEtYzJmMWY3MWRhZjM2XkEyXkFqcGdeQXVyMDA4NzMyOA@@._V1_SX300.jpg",
  "tt5028340": "https://m.media-amazon.com/images/M/MV5BMjQxNjE3NjYxN15BMl5BanBnXkFtZTgwMTk2NDQ3NjM@._V1_SX300.jpg",
  "tt5049636": "https://m.media-amazon.com/images/M/MV5BYWJkOGJjNjQtMWMzZC00OTI1LTk0NDUtNzY2ZWEyZDFjMDdiXkEyXkFqcGdeQXVyNjMxNzY4Nzk@._V1_SX300.jpg",
  "tt5052448": "https://m.media-amazon.com/images/M/MV5BMjUxMDQwNjcyNl5BMl5BanBnXkFtZTgwNzcwMzc0MTI@._V1_SX300.jpg",
  "tt5052474": "https://m.media-amazon.com/images/M/MV5BMjgyOWRhMDctZTZlNC00M2I1LWI0NDQtYzlmODdmYjY2MThiXkEyXkFqcGdeQXVyMzY0MTE3NzU@._V1_SX300.jpg",
  "tt5057140": "https://m.media-amazon.com/images/M/MV5BMjMwOTQ1MzM3M15BMl5BanBnXkFtZTgwODQyNDQxNjM@._V1_SX300.jpg",
  "tt5095030": "https://m.media-amazon.com/images/M/MV5BYjcyYTk0N2YtMzc4ZC00Y2E0LWFkNDgtNjE1MzZmMGE1YjY1XkEyXkFqcGdeQXVyMTMxODk2OTU@._V1_SX300.jpg",
  "tt5104604": "https://m.media-amazon.com/images/M/MV5BMTYyOTUwNjAxM15BMl5BanBnXkFtZTgwODcyMzE0NDM@._V1_SX300.jpg",
  "tt5109784": "https://m.media-amazon.com/images/M/MV5BMzc5ODExODE0MV5BMl5BanBnXkFtZTgwNDkzNDUxMzI@._V1_SX300.jpg",
  "tt5113040": "https://m.media-amazon.com/images/M/MV5BMzdlMWQzZmItMDA5Ny00MGFjLTk0MDAtYjgzMmMyNTEwMzdhXkEyXkFqcGdeQXVyODQzNTE3ODc@._V1_SX300.jpg",
  "tt5117670": "https://m.media-amazon.com/images/M/MV5BMzI5MzZmZjItOGQzZC00NjNiLWFjMjQtMGNhY2NmNDMyNGM1XkEyXkFqcGdeQXVyMTMxODk2OTU@._V1_SX300.jpg",
  "tt5156940": "https://m.media-amazon.com/images/M/MV5BNjJiMGQ4YmUtZThkOS00ZjJjLWFjNTUtYWY2ODU5YTM0YjEzL2ltYWdlL2ltYWdlXkEyXkFqcGdeQXVyNDcyMjU3MzQ@._V1_SX300.jpg",
  "tt5164214": "https://m.media-amazon.com/images/M/MV5BMjAyNDEyMzc4Ml5BMl5BanBnXkFtZTgwMjEzNjM0NTM@._V1_SX300.jpg",
  "tt5164432": "https://m.media-amazon.com/images/M/MV5BNTMyZDdiMzUtZjcxNS00Mjc3LTljY2UtYjI4YmY5NzJlYjc1XkEyXkFqcGdeQXVyMTA5OTkwNTc@._V1_SX300.jpg",
  "tt5177088": "https://m.media-amazon.com/images/M/MV5BZWU4ZDI5OGEtOTdmZS00MmNiLWIzNjQtZGM1MGE0M2UzYTczXkEyXkFqcGdeQXVyMTMxODk2OTU@._V1_SX300.jpg",
  "tt5180504": "https://m.media-amazon.com/images/M/MV5BOGE4MmVjMDgtMzIzYy00NjEwLWJlODMtMDI1MGY2ZDlhMzE2XkEyXkFqcGdeQXVyMzY0MTE3NzU@._V1_SX300.jpg",
  "tt5208216": "https://m.media-amazon.com/images/M/MV5BMjM3NjY0MTYwM15BMl5BanBnXkFtZTgwMDI5NzA2MzI@._V1_SX300.jpg",
  "tt5220122": "https://m.media-amazon.com/images/M/MV5BNjA1MzU5MTY3OF5BMl5BanBnXkFtZTgwNTU5MDA3NTM@._V1_SX300.jpg",
  "tt5246700": "https://m.media-amazon.com/images/M/MV5BMjMwOTg0MzU4MV5BMl5BanBnXkFtZTgwODk2NjY3NTM@._V1_SX300.jpg",
  "tt5290382": "https://m.media-amazon.com/images/M/MV5BNWNmYzQ1ZWUtYTQ3ZS00Y2UwLTlkMDctZThlOTJkMGJiNzBiXkEyXkFqcGdeQXVyNjg2NjQwMDQ@._V1_SX300.jpg",
  "tt5294550": "https://m.media-amazon.com/images/M/MV5BNjY3Mjg0OTc1OF5BMl5BanBnXkFtZTgwNDU0MzAyNDM@._V1_SX300.jpg",
  "tt5294966": "https://m.media-amazon.com/images/M/MV5BNzQxZGFmNGUtNDcxNC00NGE2LThlODItNDU1OTZjYTIyMjI2XkEyXkFqcGdeQXVyNzI1NzMxNzM@._V1_SX300.jpg",
  "tt5362988": "https://m.media-amazon.com/images/M/MV5BMTUyMjU1OTUwM15BMl5BanBnXkFtZTgwMDg1NDQ2MjI@._V1_SX300.jpg",
  "tt5439796": "https://m.media-amazon.com/images/M/MV5BMTYyODg0NDU1OV5BMl5BanBnXkFtZTgwNjcxMzU0MjI@._V1_SX300.jpg",
  "tt5462602": "https://m.media-amazon.com/images/M/MV5BZWM4YzZjOTEtZmU5ZS00ZTRkLWFiNjAtZTEwNzIzMDM5MjdmXkEyXkFqcGdeQXVyNDg2MjUxNjM@._V1_SX300.jpg",
  "tt5463162": "https://m.media-amazon.com/images/M/MV5BNjk1Njk3YjctMmMyYS00Y2I4LThhMzktN2U0MTMyZTFlYWQ5XkEyXkFqcGdeQXVyODM2ODEzMDA@._V1_SX300.jpg",
  "tt5478478": "https://m.media-amazon.com/images/M/MV5BNjFhZjM4ZDYtMGRjYi00Yzc2LWExYmEtMDQ3NzA4ODU4YTljXkEyXkFqcGdeQXVyNjkwMzU3NDI@._V1_SX300.jpg",
  "tt5503686": "https://m.media-amazon.com/images/M/MV5BNjM5ZTNiNGMtMDA2OC00MDYyLWEyNzAtOWZmMzFlY2VmOWM4XkEyXkFqcGdeQXVyMTkxNjUyNQ@@._V1_SX300.jpg",
  "tt5523010": "https://m.media-amazon.com/images/M/MV5BOTg1NDI1MjEyMl5BMl5BanBnXkFtZTgwOTA5MTgwNjM@._V1_SX300.jpg",
  "tt5580036": "https://m.media-amazon.com/images/M/MV5BMjI5MDY1NjYzMl5BMl5BanBnXkFtZTgwNjIzNDAxNDM@._V1_SX300.jpg",
  "tt5580390": "https://m.media-amazon.com/images/M/MV5BNGNiNWQ5M2MtNGI0OC00MDA2LWI5NzEtMmZiYjVjMDEyOWYzXkEyXkFqcGdeQXVyMjM4NTM5NDY@._V1_SX300.jpg",
  "tt5592248": "https://m.media-amazon.com/images/M/MV5BMTg5NjY3NDYxMl5BMl5BanBnXkFtZTgwMjI5ODgyMjI@._V1_SX300.jpg",
  "tt5598102": "https://m.media-amazon.com/images/M/MV5BMmUwMzJkODEtOTZjNy00ZWNkLWE4ZDItYzcyYzA2OGJhMjYwXkEyXkFqcGdeQXVyNjc0MzY3NTA@._V1_SX300.jpg",
  "tt5607714": "https://m.media-amazon.com/images/M/MV5BMTA1NmIxMmEtNTdhNS00MmVkLWI1ZTEtN2FhNTU2NDAzYzNhXkEyXkFqcGdeQXVyMDYxMTUwNg@@._V1_SX300.jpg",
  "tt5610554": "https://m.media-amazon.com/images/M/MV5BMTU0OTM4NTMyMF5BMl5BanBnXkFtZTgwNDA5MzUwNTM@._V1_SX300.jpg",
  "tt5619332": "https://m.media-amazon.com/images/M/MV5BMTkzOTk0MjYwM15BMl5BanBnXkFtZTgwNTE5ODQxNTM@._V1_SX300.jpg",
  "tt5649108": "https://m.media-amazon.com/images/M/MV5BNDcyNDA4NDAzN15BMl5BanBnXkFtZTgwODQxMDQ5NDM@._V1_SX300.jpg",
  "tt5649144": "https://m.media-amazon.com/images/M/MV5BMjg4ZmY1MmItMjFjOS00ZTg2LWJjNDYtNDM2YmM2NzhiNmZhXkEyXkFqcGdeQXVyNTAzMTY4MDA@._V1_SX300.jpg",
  "tt5666304": "https://m.media-amazon.com/images/M/MV5BMzAzOTQ2NTg1OF5BMl5BanBnXkFtZTgwNTUyNzUzMjI@._V1_SX300.jpg",
  "tt5690360": "https://m.media-amazon.com/images/M/MV5BMjE0MzcwMDAyNl5BMl5BanBnXkFtZTgwMzc4ODg0NDM@._V1_SX300.jpg",
  "tt5710514": "https://m.media-amazon.com/images/M/MV5BYmM5Zjg5ZWEtYmQwOS00NmFmLTgxYzktYTJkZmY3OGM4NDQyXkEyXkFqcGdeQXVyNjk4NjM5Nzc@._V1_SX300.jpg",
  "tt5711148": "https://m.media-amazon.com/images/M/MV5BMTE0MDQxODg2NTJeQTJeQWpwZ15BbWU4MDIwODkyMjQz._V1_SX300.jpg",
  "tt5715874": "https://m.media-amazon.com/images/M/MV5BMjU4NDcwOTA2NF5BMl5BanBnXkFtZTgwMjE2OTg4MzI@._V1_SX300.jpg",
  "tt5726086": "https://m.media-amazon.com/images/M/MV5BMjQ3NTgzNjk4MF5BMl5BanBnXkFtZTgwNDE0MTUxNDM@._V1_SX300.jpg",
  "tt5726616": "https://m.media-amazon.com/images/M/MV5BNDk3NTEwNjc0MV5BMl5BanBnXkFtZTgwNzYxNTMwMzI@._V1_SX300.jpg",
  "tt5727208": "https://m.media-amazon.com/images/M/MV5BZDhkMjUyYjItYWVkYi00YTM5LWE4MGEtY2FlMjA3OThlYmZhXkEyXkFqcGdeQXVyODk4OTc3MTY@._V1_SX300.jpg",
  "tt5742374": "https://m.media-amazon.com/images/M/MV5BMDkwOTE0ZjMtZmRiYS00M2M3LWE3MzUtNzNmNmExNTNmNjg5XkEyXkFqcGdeQXVyODE1MjMyNzI@._V1_SX300.jpg",
  "tt5758778": "https://m.media-amazon.com/images/M/MV5BOGM3MzQwYzItNDA1Ny00MzIyLTg5Y2QtYTAwMzNmMDU2ZDgxXkEyXkFqcGdeQXVyMjMxOTE0ODA@._V1_SX300.jpg",
  "tt5776858": "https://m.media-amazon.com/images/M/MV5BMWJkNzBkM2UtYWFlMC00NmEwLTgxOGUtMjVmMzYyZjgyMmEzXkEyXkFqcGdeQXVyMjM4NTM5NDY@._V1_SX300.jpg",
  "tt5814060": "https://m.media-amazon.com/images/M/MV5BMjM3NzQ5NDcxOF5BMl5BanBnXkFtZTgwNzM4MTQ5NTM@._V1_SX300.jpg",
  "tt5834262": "https://m.media-amazon.com/images/M/MV5BMDhhNWE3NmQtY2Y1OC00MzQ4LWJhNjktZWEzNjEzMTE3YWIyXkEyXkFqcGdeQXVyMjM4NTM5NDY@._V1_SX300.jpg",
  "tt5848272": "https://m.media-amazon.com/images/M/MV5BMTYyNzEyNDAzOV5BMl5BanBnXkFtZTgwNTk3NDczNjM@._V1_SX300.jpg",
  "tt5865326": "https://m.media-amazon.com/images/M/MV5BNDhiZTA1MzItMWNmZC00YWZlLWI5NTYtYzI5MzMxNGJkZDcxXkEyXkFqcGdeQXVyNTE4NTE0NjU@._V1_SX300.jpg",
  "tt5884052": "https://m.media-amazon.com/images/M/MV5BNDU4Mzc3NzE5NV5BMl5BanBnXkFtZTgwMzE1NzI1NzM@._V1_SX300.jpg",
  "tt5886046": "https://m.media-amazon.com/images/M/MV5BMjQ2NDMwMTY3MF5BMl5BanBnXkFtZTgwNDg5OTc1NjM@._V1_SX300.jpg",
  "tt5886440": "https://m.media-amazon.com/images/M/MV5BMzA5NDM1MjMzNl5BMl5BanBnXkFtZTgwNDUyMTA4NDM@._V1_SX300.jpg",
  "tt5952594": "https://m.media-amazon.com/images/M/MV5BNDkwYzBjOTItYTFhZC00ZWZlLTg1YzYtZWU4ZGZhZWI0MmNkXkEyXkFqcGdeQXVyODAzODU1NDQ@._V1_SX300.jpg",
  "tt5962210": "https://m.media-amazon.com/images/M/MV5BNzE3Mzc5NTc4M15BMl5BanBnXkFtZTgwMDYwNzM3MjI@._V1_SX300.jpg",
  "tt5968394": "https://m.media-amazon.com/images/M/MV5BMTgyNjU0NTAxOV5BMl5BanBnXkFtZTgwNTc4MDIzNjM@._V1_SX300.jpg",
  "tt5990474": "https://m.media-amazon.com/images/M/MV5BNTliZmExNmItZDJhZS00MjBjLThiMmEtZTJhZjNlMTMwYzk3XkEyXkFqcGdeQXVyMzI3NjY2ODc@._V1_SX300.jpg",
  "tt6018306": "https://m.media-amazon.com/images/M/MV5BMjI3MDAxNTg1OF5BMl5BanBnXkFtZTgwMzMzMDM1MzI@._V1_SX300.jpg",
  "tt6079702": "https://m.media-amazon.com/images/M/MV5BODE0MjY5NGItMTAyYS00ZjViLTg4MWYtNTk3OTdiYTBiZDY4XkEyXkFqcGdeQXVyNTM3MDMyMDQ@._V1_SX300.jpg",
  "tt6105098": "https://m.media-amazon.com/images/M/MV5BMjIwMjE1Nzc4NV5BMl5BanBnXkFtZTgwNDg4OTA1NzM@._V1_SX300.jpg",
  "tt6107548": "https://m.media-amazon.com/images/M/MV5BNjZmOTEwMGEtOWVmMy00Njg4LWI1OGEtMGYwN2VmYzJiYzAzXkEyXkFqcGdeQXVyODE1MjMyNzI@._V1_SX300.jpg",
  "tt6133130": "https://m.media-amazon.com/images/M/MV5BMTcyMTQzMDIwNl5BMl5BanBnXkFtZTgwMTY1NjgzMzI@._V1_SX300.jpg",
  "tt6133466": "https://m.media-amazon.com/images/M/MV5BYmVjMWJhMTYtMzUxMC00ODdhLTk3YzMtZDFhNGUyOGFhYTY0XkEyXkFqcGdeQXVyNDIzMzcwNjc@._V1_SX300.jpg",
  "tt6135348": "https://m.media-amazon.com/images/M/MV5BZWM2NTcxM2QtOTYxMC00OTllLWJhN2MtODBjNjA2Y2FjYmU1XkEyXkFqcGdeQXVyNzQzNzQxNzI@._V1_SX300.jpg",
  "tt6146586": "https://m.media-amazon.com/images/M/MV5BMDg2YzI0ODctYjliMy00NTU0LTkxODYtYTNkNjQwMzVmOTcxXkEyXkFqcGdeQXVyNjg2NjQwMDQ@._V1_SX300.jpg",
  "tt6189022": "https://m.media-amazon.com/images/M/MV5BYmRmMWZhZGItYzA4MC00ZDYyLWE0OTMtYmM0MWRiN2Q4NGU2XkEyXkFqcGdeQXVyMjMxOTE0ODA@._V1_SX300.jpg",
  "tt6211976": "https://m.media-amazon.com/images/M/MV5BMjMxNjhlOWQtZGU1MS00M2JiLWI4NDUtMDU0ZWU2ODkzMDk2XkEyXkFqcGdeQXVyODk0OTcwMTk@._V1_SX300.jpg",
  "tt6214928": "https://m.media-amazon.com/images/M/MV5BYTFmYmJkM2YtYzFjNS00NGI2LThiOWMtNGVhZDZiOGI0NDBhXkEyXkFqcGdeQXVyNjU1OTMzNDU@._V1_SX300.jpg",
  "tt6225520": "https://m.media-amazon.com/images/M/MV5BZDRjZWZlNjAtYjM1ZS00ZjAyLWE4MmEtNWVmNzZiNTYzOThjXkEyXkFqcGdeQXVyMTMxODk2OTU@._V1_SX300.jpg",
  "tt6257970": "https://m.media-amazon.com/images/M/MV5BN2ZhNmQ2MjQtMmQzMi00YjE5LTlkMWMtMjk5YzIxMjk2NDc2XkEyXkFqcGdeQXVyMTkxNjUyNQ@@._V1_SX300.jpg",
  "tt6265828": "https://m.media-amazon.com/images/M/MV5BMzcyNTc1ODQzMF5BMl5BanBnXkFtZTgwNTgzMzY4MTI@._V1_SX300.jpg",
  "tt6292852": "https://m.media-amazon.com/images/M/MV5BMTkxMTczNTA4Nl5BMl5BanBnXkFtZTgwNDAyMzgwODM@._V1_SX300.jpg",
  "tt6294822": "https://m.media-amazon.com/images/M/MV5BMjQyMjEwOTIwNV5BMl5BanBnXkFtZTgwOTkzNTMxNDM@._V1_SX300.jpg",
  "tt6303866": "https://m.media-amazon.com/images/M/MV5BZmZiM2RmMWUtNjcyZi00ZDcxLWE3ZjktY2VlYTk3Y2I0NTZjXkEyXkFqcGdeQXVyMjU3NTI0Mg@@._V1_SX300.jpg",
  "tt6304046": "https://m.media-amazon.com/images/M/MV5BMjk0NjI2MjM1NF5BMl5BanBnXkFtZTgwODc2NjU0MzI@._V1_SX300.jpg",
  "tt6304162": "https://m.media-amazon.com/images/M/MV5BYzgyY2Q5MTEtZDY5Ny00MjEyLWEzYTgtMzBhZWRjYTYzNDE0XkEyXkFqcGdeQXVyNjMwOTA1MDM@._V1_SX300.jpg",
  "tt6306064": "https://m.media-amazon.com/images/M/MV5BMTkxMTI2MjE4OF5BMl5BanBnXkFtZTgwMjIyODQzNTM@._V1_SX300.jpg",
  "tt6320628": "https://m.media-amazon.com/images/M/MV5BMGZlNTY1ZWUtYTMzNC00ZjUyLWE0MjQtMTMxN2E3ODYxMWVmXkEyXkFqcGdeQXVyMDM2NDM2MQ@@._V1_SX300.jpg",
  "tt6333052": "https://m.media-amazon.com/images/M/MV5BNDgwODk5ODk4OV5BMl5BanBnXkFtZTgwNzA3MzU4MTI@._V1_SX300.jpg",
  "tt6343314": "https://m.media-amazon.com/images/M/MV5BMTcxMjUwNjQ5N15BMl5BanBnXkFtZTgwNjk4MzI4NjM@._V1_SX300.jpg",
  "tt6394270": "https://m.media-amazon.com/images/M/MV5BZjlhOWE3YjktY2MzOC00ZmQ1LWIwNjgtZmVhZmFjZGExMzgyXkEyXkFqcGdeQXVyMDA4NzMyOA@@._V1_SX300.jpg",
  "tt6412452": "https://m.media-amazon.com/images/M/MV5BYjRkYTI3M2EtZWQ4Ny00OTA2LWFmMTMtY2E4MTEyZmNjOTMxXkEyXkFqcGdeQXVyNDg4NjY5OTQ@._V1_SX300.jpg",
  "tt6491178": "https://m.media-amazon.com/images/M/MV5BMjE1MTk5NDQ5Ml5BMl5BanBnXkFtZTgwODUxNzg0NzM@._V1_SX300.jpg",
  "tt6499752": "https://m.media-amazon.com/images/M/MV5BMjI0NzcyMjM5Ml5BMl5BanBnXkFtZTgwMzk2NzAyNTM@._V1_SX300.jpg",
  "tt6511932": "https://m.media-amazon.com/images/M/MV5BMTY3MDUzMTAzOV5BMl5BanBnXkFtZTgwNDk3ODQyNzM@._V1_SX300.jpg",
  "tt6513120": "https://m.media-amazon.com/images/M/MV5BNWM0NGUxMzUtMjRlZS00OWZlLTlkZDMtMzJhOWVmZDY2ODczXkEyXkFqcGdeQXVyOTQxNzM2MjY@._V1_SX300.jpg",
  "tt6565702": "https://m.media-amazon.com/images/M/MV5BMmZmYTgwZGItNDIxMS00MmRkLWEzODQtYTllNzM0ZWE1NmQ5XkEyXkFqcGdeQXVyODQzNTE3ODc@._V1_SX300.jpg",
  "tt6628394": "https://m.media-amazon.com/images/M/MV5BOTk1Nzk1MDc1MF5BMl5BanBnXkFtZTgwNjU2NDExNjM@._V1_SX300.jpg",
  "tt6644200": "https://m.media-amazon.com/images/M/MV5BMjI0MDMzNTQ0M15BMl5BanBnXkFtZTgwMTM5NzM3NDM@._V1_SX300.jpg",
  "tt6663582": "https://m.media-amazon.com/images/M/MV5BNDY1MTA0NjgyN15BMl5BanBnXkFtZTgwMTEzNDQ4NTM@._V1_SX300.jpg",
  "tt6679794": "https://m.media-amazon.com/images/M/MV5BMTc4MTU4YzEtODBiNC00NzA4LTg0NGItM2ZhZjZlNDFiNjJjXkEyXkFqcGdeQXVyMDM2NDM2MQ@@._V1_SX300.jpg",
  "tt6728096": "https://m.media-amazon.com/images/M/MV5BMWY1Mzg4OTItN2I0Yi00OTlhLWI4NmUtOTU3OThiNmUxNGNlXkEyXkFqcGdeQXVyMTExNDQ2MTI@._V1_SX300.jpg",
  "tt6739094": "https://m.media-amazon.com/images/M/MV5BZTYyY2NlMzktZWE4Yi00ZjkxLWJjZGItNTgyMDU3YTc4MTlkXkEyXkFqcGdeQXVyMTMxODk2OTU@._V1_SX300.jpg",
  "tt6772950": "https://m.media-amazon.com/images/M/MV5BOGU2YTZmMjYtZDUwYi00NTc1LTlkMjAtM2ViZDkzOTlhNGNhXkEyXkFqcGdeQXVyMTMxODk2OTU@._V1_SX300.jpg",
  "tt6781982": "https://m.media-amazon.com/images/M/MV5BYzEyYzg5N2YtZmYzZC00OTg0LWE3ZmYtNDZhMGFkOTBjOTYxXkEyXkFqcGdeQXVyNDg2MjUxNjM@._V1_SX300.jpg",
  "tt6791096": "https://m.media-amazon.com/images/M/MV5BMGI3ZDRjZTQtMTMyYy00NGI4LWI2MjktNzMyMjg0NjQ2NTY0XkEyXkFqcGdeQXVyNTAyODkwOQ@@._V1_SX300.jpg",
  "tt6806448": "https://m.media-amazon.com/images/M/MV5BOTIzYmUyMmEtMWQzNC00YzExLTk3MzYtZTUzYjMyMmRiYzIwXkEyXkFqcGdeQXVyMDM2NDM2MQ@@._V1_SX300.jpg",
  "tt6811018": "https://m.media-amazon.com/images/M/MV5BZjk1ZDE0ZDMtYmIxOC00ZmIwLThiOWQtMDFmYjc5ZjQzYTNlXkEyXkFqcGdeQXVyNjIxMTQ4OTc@._V1_SX300.jpg",
  "tt6823368": "https://m.media-amazon.com/images/M/MV5BMTY1OTA2MjI5OV5BMl5BanBnXkFtZTgwNzkxMjU4NjM@._V1_SX300.jpg",
  "tt6857112": "https://m.media-amazon.com/images/M/MV5BZTliNWJhM2YtNDc1MC00YTk1LWE2MGYtZmE4M2Y5ODdlNzQzXkEyXkFqcGdeQXVyMzY0MTE3NzU@._V1_SX300.jpg",
  "tt6857166": "https://m.media-amazon.com/images/M/MV5BMTc0MDY2MDI3Ml5BMl5BanBnXkFtZTgwNjU2MzIyNTM@._V1_SX300.jpg",
  "tt6911608": "https://m.media-amazon.com/images/M/MV5BMjEwMTM3OTI1NV5BMl5BanBnXkFtZTgwNDk5NTY0NTM@._V1_SX300.jpg",
  "tt6998518": "https://m.media-amazon.com/images/M/MV5BMjk1MjhmZWQtNzU3OC00NDE4LThlODQtNTdhZGM4M2E3MWZkXkEyXkFqcGdeQXVyMTMxODk2OTU@._V1_SX300.jpg",
  "tt7040874": "https://m.media-amazon.com/images/M/MV5BZjFiMGNiNmItMzNiNi00Mjc1LTg1N2YtNWE2NTE5N2VlZTQ3XkEyXkFqcGdeQXVyMTMxODk2OTU@._V1_SX300.jpg",
  "tt7131622": "https://m.media-amazon.com/images/M/MV5BOTg4ZTNkZmUtMzNlZi00YmFjLTk1MmUtNWQwNTM0YjcyNTNkXkEyXkFqcGdeQXVyNjg2NjQwMDQ@._V1_SX300.jpg",
  "tt7137906": "https://m.media-amazon.com/images/M/MV5BZmJjM2YzOWEtOTYxYi00YjhkLTliMzgtMTA2MTc0NDQ1MDM4XkEyXkFqcGdeQXVyODY5OTk4MA@@._V1_SX300.jpg",
  "tt7203552": "https://m.media-amazon.com/images/M/MV5BMmYzY2U1NGYtZjE4Mi00MjA2LWE4NDktZjNhMzEzNDIzYjQyXkEyXkFqcGdeQXVyNjU2ODM5MjU@._V1_SX300.jpg",
  "tt7297954": "https://m.media-amazon.com/images/M/MV5BN2I1NWM5NmUtYjZhZS00YTc3LTg1MTUtZWI1Mjg1YWI0NWIwXkEyXkFqcGdeQXVyNjIzNTQ4MjY@._V1_SX300.jpg",
  "tt7334528": "https://m.media-amazon.com/images/M/MV5BMTU2MzE0NzQ1Ml5BMl5BanBnXkFtZTgwNzIyNzczNTM@._V1_SX300.jpg",
  "tt7339248": "https://m.media-amazon.com/images/M/MV5BZDlkOGE4YTUtYWRlZS00YjFkLWE3NmUtNzNlNjdiZTk2NzdhXkEyXkFqcGdeQXVyNDY2MjcyOTQ@._V1_SX300.jpg",
  "tt7349662": "https://m.media-amazon.com/images/M/MV5BMjUyOTE1NjI0OF5BMl5BanBnXkFtZTgwMTM4ODQ5NTM@._V1_SX300.jpg",
  "tt7349950": "https://m.media-amazon.com/images/M/MV5BYTJlNjlkZTktNjEwOS00NzI5LTlkNDAtZmEwZDFmYmM2MjU2XkEyXkFqcGdeQXVyNjg2NjQwMDQ@._V1_SX300.jpg",
  "tt7374948": "https://m.media-amazon.com/images/M/MV5BMGM2NWFjYTctZjFiYy00YzIxLThhY2QtY2UxZTNmNjdjZTU0XkEyXkFqcGdeQXVyMTkxNjUyNQ@@._V1_SX300.jpg",
  "tt7390588": "https://m.media-amazon.com/images/M/MV5BMjkxMDIyNTAtYjgwZC00YmIwLWFmZTEtZTIzOWZhZjNiZDQwXkEyXkFqcGdeQXVyODk4OTc3MTY@._V1_SX300.jpg",
  "tt7533152": "https://m.media-amazon.com/images/M/MV5BNjM2OTg5MTA0OV5BMl5BanBnXkFtZTgwNTMyNTY0NzM@._V1_SX300.jpg",
  "tt7569592": "https://m.media-amazon.com/images/M/MV5BNDJjYzk0ZTktNzQ1ZC00MmQ0LTk1NTYtNmMwMGE4NDM5ZjAyXkEyXkFqcGdeQXVyMTkxNjUyNQ@@._V1_SX300.jpg",
  "tt7616148": "https://m.media-amazon.com/images/M/MV5BNjkwMDMwOTQtM2MwMS00NjVmLThlODgtZmYyZjBhMjgzYTM3XkEyXkFqcGdeQXVyODAzODU1NDQ@._V1_SX300.jpg",
  "tt7645122": "https://m.media-amazon.com/images/M/MV5BMGMxYjU3NGEtNjM4ZC00YjcyLThjNjktZjM1MWRlZGI3MmZlXkEyXkFqcGdeQXVyNjg3MDMxNzU@._V1_SX300.jpg",
  "tt7668870": "https://m.media-amazon.com/images/M/MV5BMjIwOTA3NDI3MF5BMl5BanBnXkFtZTgwNzIzMzA5NTM@._V1_SX300.jpg",
  "tt7671064": "https://m.media-amazon.com/images/M/MV5BNDRlNTJmNGEtNWM0YS00OWI3LWFkNjUtMzg5MTJjODcyZGU3XkEyXkFqcGdeQXVyODk4OTc3MTY@._V1_SX300.jpg",
  "tt7767422": "https://m.media-amazon.com/images/M/MV5BOTE0MjQ1NDU3OV5BMl5BanBnXkFtZTgwNTI4MTgwNzM@._V1_SX300.jpg",
  "tt7772580": "https://m.media-amazon.com/images/M/MV5BMTA3NzkzMDUxODBeQTJeQWpwZ15BbWU4MDM0ODc5ODcz._V1_SX300.jpg",
  "tt7784604": "https://m.media-amazon.com/images/M/MV5BOTU5MDg3OGItZWQ1Ny00ZGVmLTg2YTUtMzBkYzQ1YWIwZjlhXkEyXkFqcGdeQXVyNTAzMTY4MDA@._V1_SX300.jpg",
  "tt7843600": "https://m.media-amazon.com/images/M/MV5BMTA1NzQ5MjAxMDZeQTJeQWpwZ15BbWU4MDc4MjM4MTcz._V1_SX300.jpg",
  "tt7909970": "https://m.media-amazon.com/images/M/MV5BN2Q3OWQ1Y2UtN2E3OS00ODA2LWE1Y2EtYmY5OWMzNWYzMDZmXkEyXkFqcGdeQXVyMzY0MTE3NzU@._V1_SX300.jpg",
  "tt7975244": "https://m.media-amazon.com/images/M/MV5BOTVjMmFiMDUtOWQ4My00YzhmLWE3MzEtODM1NDFjMWEwZTRkXkEyXkFqcGdeQXVyMTkxNjUyNQ@@._V1_SX300.jpg",
  "tt7984734": "https://m.media-amazon.com/images/M/MV5BZmE0MGJhNmYtOWNjYi00Njc5LWE2YjEtMWMxZTVmODUwMmMxXkEyXkFqcGdeQXVyMTkxNjUyNQ@@._V1_SX300.jpg",
  "tt7984766": "https://m.media-amazon.com/images/M/MV5BMWZkNzNlMzMtMjM5ZS00MWYzLWFmMmUtMjE1ODM3NjBlODA5XkEyXkFqcGdeQXVyMTMxODk2OTU@._V1_SX300.jpg",
  "tt8041276": "https://m.media-amazon.com/images/M/MV5BMjAyZDUxODQtZjBhMy00NmQ5LTg5MmMtNGUxZjhkODk1NjdiXkEyXkFqcGdeQXVyNjg2NjQwMDQ@._V1_SX300.jpg",
  "tt8096832": "https://m.media-amazon.com/images/M/MV5BM2U3ZDBkYWUtNDY3Ny00OTliLTgxNTAtY2QwZTQxMmEwOTQ1XkEyXkFqcGdeQXVyMTkxNjUyNQ@@._V1_SX300.jpg",
  "tt8128188": "https://m.media-amazon.com/images/M/MV5BMTk1NDI2MzEyNF5BMl5BanBnXkFtZTgwODk3ODQyNzM@._V1_SX300.jpg",
  "tt8151874": "https://m.media-amazon.com/images/M/MV5BZWQ5YThjZjAtNWM3ZC00MDJjLWIzNDktY2Y2Y2FmMTFiNWJmXkEyXkFqcGdeQXVyMTA2MDQ3MTQ3._V1_SX300.jpg",
  "tt8155288": "https://m.media-amazon.com/images/M/MV5BMTg0NzkwMzQyMV5BMl5BanBnXkFtZTgwNDcxMTMyNzM@._V1_SX300.jpg",
  "tt8526872": "https://m.media-amazon.com/images/M/MV5BMzFiYWQxYzgtOThmYi00ZmIwLWFlZWMtMzk2NTI2YTYzMjkyXkEyXkFqcGdeQXVyMTkxNjUyNQ@@._V1_SX300.jpg",
  "tt8637428": "https://m.media-amazon.com/images/M/MV5BMWE3MjViNWUtY2VjYS00ZDBjLTllMzYtN2FkY2QwYmRiMDhjXkEyXkFqcGdeQXVyODQzNTE3ODc@._V1_SX300.jpg",
  "tt8682948": "https://m.media-amazon.com/images/M/MV5BZDVkYzAwMDUtZmRlMC00ZGE4LWFkNDktYjE0YjcxYzgxOTU5XkEyXkFqcGdeQXVyMzY0MTE3NzU@._V1_SX300.jpg",
  "tt8743064": "https://m.media-amazon.com/images/M/MV5BYzU3ODc1NzAtZWIwYy00YTdjLWEwZDItY2Y1ZGIyMmY0Yzc4XkEyXkFqcGdeQXVyMjIxNjgxNTA@._V1_SX300.jpg",
  "tt8772262": "https://m.media-amazon.com/images/M/MV5BMzQxNzQzOTQwM15BMl5BanBnXkFtZTgwMDQ2NTcwODM@._V1_SX300.jpg",
  "tt8883524": "https://m.media-amazon.com/images/M/MV5BODE0YjJlOTItOWYxYi00NTI4LTg5YTgtYjZhOTFkMzUwNGRkXkEyXkFqcGdeQXVyMzQwMTY2Nzk@._V1_SX300.jpg",
  "tt8946378": "https://m.media-amazon.com/images/M/MV5BMGUwZjliMTAtNzAxZi00MWNiLWE2NzgtZGUxMGQxZjhhNDRiXkEyXkFqcGdeQXVyNjU1NzU3MzE@._V1_SX300.jpg",
  "tt9243946": "https://m.media-amazon.com/images/M/MV5BNjk4MzVlM2UtZGM0ZC00M2M1LThkMWEtZjUyN2U2ZTc0NmM5XkEyXkFqcGdeQXVyOTAzMTc2MjA@._V1_SX300.jpg",
  "tt9412098": "https://m.media-amazon.com/images/M/MV5BMjQ2NzE1MjYxMV5BMl5BanBnXkFtZTgwMjM3MDQxNzM@._V1_SX300.jpg",
  "tt9561862": "https://m.media-amazon.com/images/M/MV5BMTc1MjIyNDI3Nl5BMl5BanBnXkFtZTgwMjQ1OTI0NzM@._V1_SX300.jpg",
  "tt9664078": "https://m.media-amazon.com/images/M/MV5BMDk1Y2UyMTgtNGQyYi00OGViLWFlODUtMDY3ZmYwYmQ4MWVkXkEyXkFqcGdeQXVyMTkxNjUyNQ@@._V1_SX300.jpg"
}